ID,eta_anni,peso_kg,sesso,lunghezza_pelo,colore_mantello,livello_attivita,frequenza_miagolio,sterilizzato,patologia,classe,razza
1,1.7,3.46,maschio,corto,blue_point,molto_attivo,medio,no,nessuna,molto_attivo,Siamese
2,4.9,4.01,femmina,corto,seal_point,molto_attivo,alto,si,obesita,molto_attivo,Siamese
3,0.6,3.67,femmina,lungo,nero,molto_attivo,alto,si,nessuna,molto_attivo,Maine_Coon
4,2,3.23,maschio,corto,lilac_point,sedentario,alto,no,nessuna,sedentario,Siamese
5,3.3,6.08,femmina,semilungo,nero,attivo,medio,si,nessuna,attivo,Maine_Coon
6,3.8,5.67,femmina,corto,snow_spotted,molto_attivo,medio,si,asma_felino,molto_attivo,Bengala
7,5.4,4.77,maschio,lungo,crema,attivo,alto,si,nessuna,attivo,Persiano
8,3.5,3.68,femmina,corto,lilac_point,molto_attivo,alto,no,nessuna,molto_attivo,Siamese
9,2.6,6.57,femmina,corto,blu,attivo,medio,si,nessuna,attivo,British_Shorthair
10,4.1,4.01,femmina,lungo,arancio,sedentario,basso,no,nessuna,sedentario,Persiano
11,7.5,5.77,femmina,corto,bianco,sedentario,medio,si,ipertiroidismo,sedentario,British_Shorthair
12,3.6,4.34,femmina,corto,blue_point,sedentario,alto,no,obesita,sedentario,Siamese
13,9.5,5.48,maschio,corto,grigio,sedentario,basso,no,ipertiroidismo,sedentario,British_Shorthair
14,2.7,6.75,maschio,lungo,bianco,attivo,medio,si,obesita,attivo,Maine_Coon
15,4.7,6.31,maschio,corto,grigio,molto_attivo,medio,si,nessuna,molto_attivo,British_Shorthair
16,3.7,6.79,femmina,lungo,tabby,sedentario,alto,si,nessuna,sedentario,Maine_Coon
17,5.6,5.83,maschio,corto,crema,molto_attivo,basso,si,nessuna,attivo,British_Shorthair
18,4.8,5.15,femmina,lungo,rosso,attivo,basso,no,nessuna,attivo,Maine_Coon
19,4.1,646,femmina,semilungo,multicolore,,medio,si,,molto_attivo,Maine_Coon
20,5.8,5,femmina,lungo,crema,attivo,medio,no,nessuna,attivo,Persiano
21,9.1,4.13,maschio,lungo,nero,attivo,alto,no,nessuna,attivo,Persiano
22,2,3.8,femmina,corto,seal_point,molto_attivo,alto,si,nessuna,molto_attivo,Alien
23,3.4,7.39,maschio,lungo,bianco,molto_attivo,basso,si,ipertensione,molto_attivo,Maine_Coon
24,3.9,7.18,femmina,corto,nero,molto_attivo,basso,si,obesita,molto_attivo,British_Shorthair
25,8,7.71,femmina,semilungo,nero,sedentario,medio,no,nessuna,molto_attivo,Maine_Coon
26,4.4,4.03,femmina,corto,chocolate_point,attivo,medio,si,nessuna,attivo,Siamese
27,0.5,3.1,femmina,corto,spotted_silver,molto_attivo,alto,no,nessuna,attivo,Bengala
28,8.4,7.29,maschio,semilungo,multicolore,attivo,medio,si,asma_felino,molto_attivo,Maine_Coon
29,6.6,7.54,maschio,semilungo,nero,molto_attivo,alto,no,obesita,sedentario,Maine_Coon
30,5.7,6.84,maschio,lungo,bianco,molto_attivo,basso,no,nessuna,molto_attivo,Maine_Coon
31,4.4,5.31,femmina,corto,spotted_silver,attivo,medio,si,nessuna,attivo,Bengala
32,10.6,4.69,maschio,lungo,crema,sedentario,basso,si,nessuna,sedentario,Persiano
33,6.5,4.87,femmina,corto,blue_point,attivo,alto,si,nessuna,attivo,Siamese
34,4.8,4.89,maschio,lungo,grigio,sedentario,medio,no,asma_felino,sedentario,Persiano
35,9.8,4.44,femmina,corto,grigio,attivo,basso,si,nessuna,sedentario,British_Shorthair
36,1.4,3.7,maschio,corto,chocolate_point,attivo,medio,si,nessuna,attivo,Siamese
37,8.8,4.09,maschio,lungo,crema,attivo,basso,no,nessuna,attivo,Persiano
38,3.2,5.41,maschio,corto,snow_spotted,molto_attivo,medio,no,nessuna,molto_attivo,Bengala
39,2,8.76,maschio,lungo,rosso,attivo,medio,si,nessuna,attivo,Maine_Coon
40,6.1,4.65,femmina,corto,chocolate_point,attivo,medio,no,nessuna,attivo,Siamese
41,0.6,3.31,maschio,corto,spotted_silver,attivo,alto,si,asma_felino,attivo,Bengala
42,5.7,6.48,femmina,lungo,bianco,attivo,medio,si,nessuna,attivo,Maine_Coon
43,8.5,6.95,maschio,lungo,rosso,attivo,medio,si,nessuna,attivo,Maine_Coon
44,9.2,4.72,maschio,lungo,bianco,sedentario,basso,no,asma_felino,sedentario,Persiano
45,5.3,5.16,maschio,lungo,arancio,sedentario,alto,si,nessuna,attivo,Persiano
46,4.7,8.39,femmina,lungo,multicolore,attivo,basso,si,nessuna,attivo,Maine_Coon
47,4.7,4.16,femmina,lungo,crema,attivo,alto,si,nessuna,attivo,Persiano
48,6.6,5.2,femmina,corto,spotted_brown,sedentario,medio,no,nessuna,sedentario,Bengala
49,5.7,8.12,femmina,lungo,nero,molto_attivo,alto,no,ipertensione,molto_attivo,Maine_Coon
50,4.1,4.53,maschio,corto,chocolate_point,molto_attivo,alto,no,nessuna,molto_attivo,Siamese
51,1.5,5.6,maschio,corto,marbled_brown,molto_attivo,basso,si,artrite,molto_attivo,Bengala
52,7.8,4.42,maschio,corto,lilac_point,molto_attivo,alto,no,asma_felino,molto_attivo,Siamese
53,4.3,5.32,maschio,corto,snow_spotted,molto_attivo,basso,no,nessuna,molto_attivo,Bengala
54,11.1,4.79,maschio,lungo,arancio,sedentario,medio,si,artrite,sedentario,Persiano
55,5.3,4.53,femmina,corto,seal_point,attivo,alto,no,nessuna,attivo,Siamese
56,8.2,4.06,femmina,lungo,bianco,attivo,basso,si,nessuna,attivo,Persiano
57,10.8,7.12,maschio,corto,grigio,attivo,medio,si,nessuna,attivo,British_Shorthair
58,5.1,5.14,femmina,semilungo,rosso,molto_attivo,medio,si,ipertiroidismo,sedentario,Maine_Coon
59,5.6,5.96,maschio,corto,crema,sedentario,basso,si,nessuna,sedentario,British_Shorthair
60,3.1,5.34,maschio,corto,spotted_brown,molto_attivo,medio,no,nessuna,molto_attivo,Bengala
61,5.1,6.85,maschio,corto,tabby,sedentario,medio,no,nessuna,sedentario,British_Shorthair
62,3.5,8.69,maschio,lungo,multicolore,attivo,medio,no,nessuna,attivo,Maine_Coon
63,7.5,5.69,maschio,corto,tabby,attivo,medio,no,nessuna,attivo,Alien
64,4.9,4.36,femmina,lungo,bianco,molto_attivo,medio,no,nessuna,molto_attivo,Persiano
65,6.5,3.95,femmina,corto,blue_point,molto_attivo,alto,si,nessuna,molto_attivo,Siamese
66,11,5.14,femmina,corto,grigio,attivo,medio,si,asma_felino,attivo,British_Shorthair
67,3.9,3.5,maschio,corto,seal_point,attivo,medio,si,nessuna,attivo,Siamese
68,144.69,femmina,corto,spotted_brown,attivo,basso,si,nessuna,attivo,Bengala
69,4.9,5.83,femmina,corto,spotted_brown,molto_attivo,medio,no,obesita,molto_attivo,Bengala
70,1.1,5.43,maschio,corto,spotted_brown,molto_attivo,alto,no,nessuna,molto_attivo,Bengala
71,11.1,4.87,maschio,corto,nero,molto_attivo,medio,no,ipertensione,molto_attivo,British_Shorthair
72,6.8,4.84,femmina,lungo,crema,sedentario,alto,si,nessuna,sedentario,Persiano
73,3.6,4.39,femmina,lungo,arancio,attivo,basso,si,nessuna,attivo,Persiano
74,3.9,7.75,maschio,semilungo,tabby,attivo,basso,si,nessuna,attivo,Maine_Coon
75,2.9,5.84,femmina,corto,marbled_brown,molto_attivo,medio,no,nessuna,molto_attivo,Bengala
76,6.5,6.41,maschio,semilungo,nero,attivo,alto,si,nessuna,attivo,Maine_Coon
77,2.5,5.81,femmina,corto,snow_spotted,attivo,alto,si,nessuna,attivo,Bengala
78,8.7,6.44,maschio,corto,nero,attivo,medio,si,nessuna,attivo,British_Shorthair
79,7.9,4.78,femmina,corto,spotted_silver,molto_attivo,alto,si,diabete,molto_attivo,Bengala
80,12.9,4.58,femmina,corto,chocolate_point,molto_attivo,medio,si,nessuna,molto_attivo,Siamese
81,5,5.06,maschio,lungo,arancio,sedentario,basso,no,nessuna,sedentario,Persiano
82,4.3,4.73,femmina,corto,chocolate_point,sedentario,alto,si,nessuna,sedentario,Siamese
83,5.5,4.85,femmina,lungo,nero,molto_attivo,medio,si,nessuna,molto_attivo,Persiano
84,6.3,7.37,maschio,semilungo,bianco,attivo,medio,si,nessuna,attivo,Maine_Coon
85,7.2,6.85,maschio,semilungo,rosso,molto_attivo,medio,si,malattia_renale,molto_attivo,Maine_Coon
86,7.9,487,maschio,corto,tabby,sedentario,medio,si,nessuna,sedentario,British_Shorthair
87,5.4,4.01,femmina,lungo,nero,attivo,basso,no,nessuna,attivo,Persiano
88,7.1,4.8,maschio,corto,chocolate_point,molto_attivo,alto,si,nessuna,molto_attivo,Siamese
89,9.9,4.41,maschio,corto,lilac_point,attivo,alto,no,nessuna,attivo,Siamese
90,0.5,2.41,femmina,lungo,arancio,sedentario,basso,si,nessuna,molto_attivo,Persiano
91,3.2,5.33,femmina,lungo,crema,attivo,basso,no,ipertiroidismo,attivo,Persiano
92,3.5,5.56,femmina,corto,spotted_silver,attivo,medio,si,,attivo,Bengala
93,6.3,6.31,femmina,semilungo,rosso,molto_attivo,basso,si,nessuna,molto_attivo,Maine_Coon
94,7.9,6.41,maschio,corto,bianco,molto_attivo,basso,si,nessuna,molto_attivo,British_Shorthair
95,6.2,4.11,maschio,corto,blue_point,sedentario,medio,si,nessuna,sedentario,Siamese
96,4.2,6.55,maschio,semilungo,rosso,sedentario,medio,si,nessuna,sedentario,Maine_Coon
97,4.7,8.17,maschio,lungo,bianco,molto_attivo,medio,si,obesita,molto_attivo,Maine_Coon
98,0.5,3.44,femmina,corto,spotted_silver,attivo,alto,no,nessuna,attivo,Bengala
99,5.4,7.32,maschio,lungo,bianco,attivo,alto,si,nessuna,attivo,Maine_Coon
100,4.1,5.42,femmina,corto,spotted_silver,molto_attivo,medio,no,nessuna,molto_attivo,Bengala
101,2.1,4.74,femmina,corto,lilac_point,attivo,alto,si,asma_felino,sedentario,Siamese
102,4.4,6.9,femmina,semilungo,tabby,attivo,basso,si,asma_felino,attivo,Maine_Coon
103,10.1,4.95,femmina,corto,blue_point,sedentario,basso,si,nessuna,sedentario,Siamese
104,3.9,6.13,femmina,lungo,nero,sedentario,medio,si,nessuna,sedentario,Persiano
105,11.1,4.95,femmina,corto,marbled_brown,molto_attivo,medio,si,nessuna,molto_attivo,Bengala
106,2,6.12,femmina,lungo,multicolore,attivo,basso,no,nessuna,attivo,Maine_Coon
107,2.8,5.27,maschio,corto,snow_spotted,molto_attivo,medio,si,nessuna,molto_attivo,Bengala
108,0.6,3.78,maschio,lungo,bianco,sedentario,alto,si,nessuna,sedentario,Maine_Coon
109,7.6,6.52,femmina,corto,snow_spotted,molto_attivo,medio,no,artrite,molto_attivo,Bengala
110,3.2,4.79,femmina,corto,marbled_brown,molto_attivo,alto,no,nessuna,attivo,Bengala
111,4.5,4.28,femmina,corto,lilac_point,molto_attivo,alto,si,ipertiroidismo,molto_attivo,Siamese
112,1.6,4.2,maschio,corto,crema,sedentario,basso,si,nessuna,sedentario,British_Shorthair
113,3.3,4.58,femmina,lungo,crema,attivo,medio,si,nessuna,attivo,Persiano
114,2.2,6.02,femmina,corto,spotted_silver,molto_attivo,alto,no,nessuna,molto_attivo,Bengala
115,2,4.57,maschio,corto,blue_point,molto_attivo,alto,si,diabete,molto_attivo,Siamese
116,1.8,3.65,femmina,corto,chocolate_point,molto_attivo,alto,si,nessuna,molto_attivo,Siamese
117,3.1,6.3,femmina,corto,tabby,sedentario,medio,si,nessuna,attivo,British_Shorthair
118,12.8,6.13,femmina,lungo,bianco,sedentario,basso,si,nessuna,sedentario,Persiano
119,9,6.94,femmina,corto,bianco,sedentario,medio,si,nessuna,sedentario,British_Shorthair
120,10.1,4.84,femmina,corto,bianco,sedentario,basso,si,ipertensione,sedentario,British_Shorthair
121,1.1,4.16,maschio,corto,marbled_brown,attivo,alto,si,diabete,attivo,Bengala
122,1.3,3.67,maschio,corto,chocolate_point,attivo,alto,no,nessuna,attivo,Siamese
123,2.7,7.39,maschio,corto,spotted_brown,molto_attivo,alto,si,nessuna,molto_attivo,Bengala
124,4.9,7.68,maschio,semilungo,tabby,attivo,medio,si,nessuna,attivo,Maine_Coon
125,7,9.02,femmina,semilungo,nero,molto_attivo,medio,si,nessuna,molto_attivo,Maine_Coon
126,9.3,6.41,femmina,corto,bianco,attivo,medio,si,malattia_renale,attivo,British_Shorthair
127,3.5,4.54,maschio,lungo,nero,attivo,medio,si,nessuna,sedentario,Persiano
128,0.5,2.72,femmina,corto,snow_spotted,molto_attivo,medio,no,nessuna,sedentario,Bengala
129,8,5.4,trans,lungo,grigio,sedentario,medio,no,nessuna,sedentario,Persiano
130,8.6,5.87,maschio,corto,marbled_brown,molto_attivo,alto,si,nessuna,molto_attivo,Bengala
131,4.3,6.3,maschio,semilungo,nero,attivo,medio,no,obesita,attivo,Maine_Coon
132,4.8,5.47,maschio,lungo,bianco,sedentario,medio,si,nessuna,sedentario,Persiano
133,7.6,4.83,maschio,lungo,arancio,sedentario,medio,si,nessuna,sedentario,Persiano
134,2.8,5.11,femmina,corto,grigio,attivo,basso,si,nessuna,attivo,British_Shorthair
135,4.1,8.78,maschio,semilungo,tabby,attivo,medio,si,nessuna,attivo,Maine_Coon
136,5.8,7.8,maschio,semilungo,nero,molto_attivo,medio,no,obesita,molto_attivo,Maine_Coon
137,11.1,4.85,maschio,corto,snow_spotted,molto_attivo,medio,si,nessuna,molto_attivo,Bengala
138,6.4,7.6,femmina,lungo,bianco,attivo,medio,no,nessuna,attivo,Maine_Coon
139,4.5,5.8,maschio,corto,,sedentario,basso,si,ipertensione,sedentario,British_Shorthair
140,1.4,3.28,femmina,corto,blue_point,attivo,alto,si,nessuna,attivo,Siamese
141,4.7,5,maschio,corto,spotted_Brown,molto_attivo,medio,no,artrite,molto_attivo,Bengala
142,7.7,6.23,maschio,semilungo,bianco,attivo,basso,si,nessuna,attivo,Maine_Coon
143,6.9,9.56,femmina,semilungo,multicolore,attivo,medio,si,nessuna,attivo,Maine_Coon
144,0.5,2.68,maschio,corto,blue_point,molto_attivo,alto,no,nessuna,molto_attivo,Siamese
145,4.7,5.02,femmina,corto,snow_spotted,molto_attivo,alto,no,nessuna,attivo,Bengala
146,5.9,6.77,femmina,lungo,tabby,attivo,medio,si,obesita,attivo,Maine_Coon
147,9.3,4.98,femmina,corto,tabby,attivo,medio,si,nessuna,attivo,British_Shorthair
148,1.7,2.84,femmina,corto,lilac_point,molto_attivo,alto,si,ipertiroidismo,molto_attivo,Siamese
149,4.4,5.44,femmina,corto,spotted_brown,molto_attivo,medio,si,nessuna,molto_attivo,Bengala
150,8.4,3.28,maschio,corto,blue_point,molto_attivo,alto,si,nessuna,molto_attivo,Siamese
151,1.9,4.93,femmina,corto,snow spotted,molto_attivo,medio,si,nessuna,sedentario,Bengala
152,8.2,4.58,femmina,corto,chocolate_point,molto_attivo,alto,no,nessuna,attivo,Siamese
153,5.5,5.27,femmina,corto,tabby,sedentario,medio,no,nessuna,sedentario,British_Shorthair
154,4.2,4.4,femmina,corto,blue_point,molto_attivo,medio,si,nessuna,molto_attivo,Siamese
155,6.6,4.9,femmina,lungo,nero,sedentario,medio,si,artrite,sedentario,Persiano
156,0.5,1.76,femmina,corto,lilac_point,attivo,alto,si,ipertensione,attivo,Siamese
157,2.8,3.83,femmina,corto,spotted_brown,molto_attivo,alto,si,nessuna,sedentario,Bengala
158,2.3,5.26,femmina,corto,spotted_silver,attivo,alto,no,nessuna,attivo,Bengala
159,2.3,5.43,maschio,corto,snow_spotted,molto_attivo,alto,si,malattia_renale,molto_attivo,Bengala
160,6.6,7.59,M,semilungo,multicolore,attivo,medio,si,asma_felino,attivo,Maine_Coon
161,8.3,4.43,femmina,corto,lilac_point,attivo,basso,no,diabete,sedentario,Siamese
162,2.2,5.41,maschio,corto,marbled_brown,molto_attivo,alto,si,nessuna,molto_attivo,Bengala
163,5.2,7.63,femmina,lungo,nero,molto_attivo,medio,si,nessuna,molto_attivo,Maine_Coon
164,8.7,5.36,maschio,lungo,nero,sedentario,basso,no,nessuna,sedentario,Persiano
165,7.1,6.26,femminuccia,corto,blu,attivo,medio,si,nessuna,attivo,British_Shorthair
166,12.6,6.24,maschio,semilungo,nero,molto_attivo,medio,si,nessuna,molto_attivo,Maine_Coon
167,8.6,4.53,femmina,lungo,nero,sedentario,basso,no,diabete,sedentario,Persiano
168,2.9,4.43,maschio,lungo,nero,attivo,basso,si,nessuna,attivo,Persiano
169,1.8,4.39,maschio,lungo,bianco,molto_attivo,basso,si,nessuna,molto_attivo,Alien
170,6.4,7.68,maschio,semilungo,nero,attivo,alto,si,nessuna,attivo,Maine_Coon
171,7.9,6.9,maschio,semilungo,multicolore,attivo,medio,si,nessuna,attivo,Maine_Coon
172,7,4.74,maschio,corto,chocolate_point,attivo,medio,si,nessuna,attivo,Siamese
173,2.9,3.54,maschio,corto,blue_point,molto_attivo,alto,no,nessuna,molto_attivo,Siamese
174,6.6,6.93,maschio,corto,tabby,sedentario,alto,si,nessuna,sedentario,British_Shorthair
175,11.1,4.89,maschio,lungo,nero,sedentario,basso,si,nessuna,sedentario,Persiano
176,6.2,5.4,femmina,lungo,crema,sedentario,medio,si,nessuna,sedentario,Persiano
177,1.3,4.04,femmina,corto,spotted_brown,molto_attivo,alto,si,nessuna,molto_attivo,Bengala
178,1.8,4.35,maschio,corto,blu,sedentario,medio,no,nessuna,sedentario,British_Shorthair
179,4.7,5.52,femmina,corto,marbled_brown,attivo,medio,no,nessuna,attivo,Bengala
180,6.8,4.69,femmina,corto,snow_spotted,molto_attivo,medio,no,nessuna,molto_attivo,Bengala
181,7.2,2.8,maschio,corto,spotted_brown,molto_attivo,medio,no,malattia_renale,molto_attivo,Bengala
182,5.6,7.9,femmina,lungo,nero,molto_attivo,medio,si,nessuna,molto_attivo,Maine_Coon
183,5.4,4.5,femmina,lungo,crema,attivo,basso,no,nessuna,attivo,Persiano
184,3.2,6.27,maschio,corto,marbled_brown,molto_attivo,alto,no,nessuna,molto_attivo,Bengala
185,9.3,4.72,maschio,lungo,grigio,sedentario,alto,si,ipertiroidismo,sedentario,Persiano
186,3.5,4.77,femmina,lungo,arancio,attivo,basso,si,nessuna,molto_attivo,Persiano
187,10.9,6.3,maschio,lungo,crema,sedentario,alto,si,malattia_renale,sedentario,Persiano
188,7.2,5.16,femmina,corto,crema,sedentario,medio,no,obesita,sedentario,British_Shorthair
189,7,8.83,maschio,semilungo,rosso,attivo,medio,si,nessuna,attivo,Maine_Coon
190,9.4,2.9,maschio,corto,seal_point,sedentario,alto,no,nessuna,sedentario,Siamese
191,6.3,8.1,maschio,lungo,rosso,attivo,medio,no,nessuna,attivo,Maine_Coon
192,2.9,6.23,maschio,lungo,arancio,attivo,basso,si,nessuna,sedentario,Persiano
193,6,5.66,maschio,lungo,arancio,attivo,basso,si,nessuna,attivo,Persiano
194,4.2,3.61,femmina,corto,blue point,molto_attivo,alto,si,nessuna,molto_attivo,Siamese
195,2.1,4.31,maschio,corto,blue point,attivo,medio,no,nessuna,attivo,Siamese
196,3.6,5.66,maschio,corto,snow_spotted,molto_attivo,medio,si,nessuna,attivo,Bengala
197,4.1,9.24,F,semilungo,rosso,attivo,basso,si,nessuna,attivo,Maine_Coon
198,6.6,5.33,maschio,corto,blu,sedentario,alto,si,nessuna,sedentario,British_Shorthair
199,6.8,6.66,femmina,corto,marbled_brown,molto_attivo,medio,si,nessuna,molto_attivo,Bengala
200,1.8,3.96,femmina,corto,tabby,molto_attivo,basso,si,diabete,molto_attivo,British_Shorthair
201,2.3,4.88,F,lungo,nero,attivo,alto,si,nessuna,attivo,Persiano
202,5.2,5.39,maschio,corto,nero,attivo,basso,no,nessuna,attivo,British_Shorthair
203,9.7,6.84,maschio,corto,blu,attivo,medio,si,obesita,attivo,British_Shorthair
204,5.8,4.07,femmina,corto,spotted_silver,attivo,alto,si,nessuna,sedentario,Bengala
205,4,7.77,maschio,lungo,multicolore,molto_attivo,medio,si,nessuna,attivo,Maine_Coon
206,4.6,3.13,femmina,corto,lilac_point,molto_attivo,basso,no,nessuna,molto_attivo,Siamese
207,6.9,7.35,femmina,lungo,nero,attivo,basso,si,nessuna,attivo,Maine_Coon
208,4.1,6.62,femmina,corto,spotted_silver,molto_attivo,medio,no,obesita,sedentario,Bengala
209,4.9,6.67,femmina,corto,spotted_brown,molto_attivo,alto,si,artrite,molto_attivo,Bengala
210,2.6,5.34,femmina,corto,marbled_brown,attivo,alto,si,nessuna,attivo,Bengala
211,3.4,6.45,maschio,corto,snow_spotted,attivo,medio,forse,nessuna,attivo,Bengala
212,3.4,6.6,maschio,lungo,bianco,attivo,basso,si,nessuna,attivo,Persiano
213,2.1,5.26,maschio,corto,snow_spotted,sedentario,alto,no,nessuna,sedentario,Bengala
214,6.3,7.37,femmina,lungo,bianco,molto_attivo,basso,si,nessuna,attivo,Maine_Coon
215,7.9,6.11,femmina,corto,grigio,attivo,medio,si,malattia_renale,attivo,British_Shorthair
216,6.5,6.57,maschio,corto,nero,sedentario,basso,si,nessuna,sedentario,British_Shorthair
217,9.1,5.25,F,lungo,bianco,attivo,basso,no,ipertiroidismo,attivo,Persiano
218,11.5,6.35,maschio,corto,blu,sedentario,basso,si,nessuna,sedentario,British_Shorthair
219,10.9,4.66,maschio,lungo,bianco,sedentario,basso,si,obesita,sedentario,Persiano
220,8.8,4.45,maschio,lungo,arancio,sedentario,basso,si,obesita,sedentario,Persiano
221,5.1,5.46,maschio,corto,nero,sedentario,medio,si,nessuna,sedentario,British_Shorthair
222,2.4,4.5,maschio,corto,seal_point,molto_attivo,alto,si,nessuna,molto_attivo,Siamese
223,2,4.06,maschio,corto,lilac_point,attivo,alto,si,nessuna,attivo,Siamese
224,4.1,4.43,maschio,corto,seal_point,molto_attivo,medio,si,nessuna,molto_attivo,Siamese
225,10.8,7.29,femmina,lungo,arancio,sedentario,alto,si,obesita,sedentario,Persiano
226,5.8,6.34,femmina,lungo,grigio,sedentario,basso,si,nessuna,sedentario,Persiano
227,12.3,5.79,femmina,corto,crema,sedentario,medio,si,nessuna,attivo,British_Shorthair
228,2.3,5.71,maschio,corto,spotted_brown,attivo,medio,no,nessuna,attivo,Bengala
229,1.2,4.03,maschio,corto,snow_spotted,molto_attivo,alto,si,nessuna,molto_attivo,Bengala
230,1.1,3.73,maschio,corto,snow_spotted,molto_attivo,medio,no,nessuna,molto_attivo,Bengala
231,2.8,6.11,femmina,lungo,Crema,attivo,medio,si,artrite,attivo,Persiano
232,4.4,5,maschio,corto,seal_point,attivo,medio,si,nessuna,attivo,Siamese
233,1.5,4.52,M,corto,blu,attivo,basso,no,nessuna,attivo,British_Shorthair
234,5.9,5.02,femmina,corto,grigio,attivo,basso,no,nessuna,attivo,British_Shorthair
235,4.2,4.25,maschio,corto,chocolate_point,attivo,alto,si,nessuna,attivo,Siamese
236,2.6,5.93,maschio,corto,spotted_brown,molto_attivo,medio,no,nessuna,molto_attivo,Bengala
237,4.5,5.36,femmina,lungo,grigio,attivo,basso,si,nessuna,attivo,Persiano
238,9.9,4.73,maschio,corto,snow_spotted,attivo,alto,si,nessuna,attivo,Bengala
239,7.2,4.63,maschio,corto,marbled_brown,molto_attivo,medio,no,nessuna,molto_attivo,Bengala
240,6,5.91,femmina,lungo,arancio,attivo,medio,si,nessuna,attivo,Persiano
241,6.1,5.04,maschio,corto,Bianco,attivo,alto,si,nessuna,attivo,British_Shorthair
242,3.4,5.92,femmina,lungo,bianco,sedentario,medio,si,artrite,sedentario,Persiano
243,7.9,3.84,maschio,corto,seal_point,attivo,alto,si,nessuna,attivo,Siamese
244,8.3,7.06,maschio,corto,blu,molto_attivo,medio,no,nessuna,molto_attivo,British_Shorthair
245,7,4.56,femmina,corto,blue_point,attivo,alto,si,nessuna,attivo,Siamese
246,1.7,3.53,femmina,lungo,nero,attivo,medio,no,artrite,attivo,Persiano
247,5.1,3.71,femmina,corto,blue_point,molto_attivo,alto,no,nessuna,sedentario,Siamese
248,2.4,4.21,maschio,corto,blue_point,attivo,medio,si,asma_felino,attivo,Siamese
249,2.3,6.25,maschio,semilungo,multicolore,attivo,basso,si,nessuna,attivo,Maine_Coon
250,6.9,6.23,femmina,corto,blu,attivo,medio,si,nessuna,attivo,British_Shorthair
251,5.8,6.16,maschio,corto,nero,sedentario,basso,no,nessuna,sedentario,British_Shorthair
252,4.1,4.86,maschio,corto,spotted_silver,molto_attivo,medio,si,nessuna,molto_attivo,Bengala
253,6.7,5.89,femmina,lungo,grigio,sedentario,medio,si,nessuna,molto_attivo,Persiano
254,7.2,4.88,maschio,corto,bianco,attivo,basso,si,nessuna,attivo,British_Shorthair
255,0.5,1.96,femmina,corto,seal_point,molto_attivo,alto,si,nessuna,sedentario,Siamese
256,5.2,5.52,maschio,corto,spotted_brown,molto_attivo,medio,no,diabete,molto_attivo,Bengala
257,8.6,4.35,femmina,lungo,grigio,attivo,medio,si,asma_felino,attivo,Persiano
258,2.7,4.09,maschio,lungo,bianco,attivo,medio,si,nessuna,attivo,Persiano
259,9.4,3.19,femmina,corto,lilac_point,molto_attivo,alto,no,nessuna,molto_attivo,Siamese
260,4.5,4.42,femmina,corto,blu,sedentario,basso,si,nessuna,sedentario,British_Shorthair
261,4.4,5.55,femmina,corto,spotted_silver,molto_attivo,medio,si,nessuna,molto_attivo,Bengala
262,3.2,6.44,maschio,corto,marbled_brown,molto_attivo,medio,no,diabete,attivo,Bengala
263,3.6,4.2,maschio,lungo,nero,molto_attivo,basso,si,nessuna,molto_attivo,Persiano
264,6,5.47,femmina,corto,crema,sedentario,alto,si,nessuna,sedentario,British_Shorthair
265,5.3,3.6,maschio,corto,chocolate_point,attivo,alto,no,nessuna,attivo,Siamese
266,4.6,8.42,maschio,semilungo,nero,attivo,alto,no,nessuna,attivo,Maine_Coon
267,5.2,5.24,femmina,corto,grigio,attivo,basso,no,ipertensione,attivo,British_Shorthair
268,8.8,8.45,maschio,lungo,multicolore,molto_attivo,alto,no,obesita,molto_attivo,Maine_Coon
269,8.6,4.68,femmina,corto,bianco,sedentario,basso,si,nessuna,sedentario,British_Shorthair
270,0.5,3.26,maschio,semilungo,tabby,molto_attivo,alto,no,nessuna,molto_attivo,Maine_Coon
271,7.9,4.72,femmina,corto,grigio,attivo,basso,no,nessuna,attivo,British_Shorthair
272,0.7,1.75,maschio,corto,blue_point,molto_attivo,alto,si,nessuna,molto_attivo,Siamese
273,6.3,6.34,femmina,corto,blu,sedentario,alto,no,asma_felino,sedentario,British_Shorthair
274,7.7,5.95,maschio,lungo,bianco,sedentario,alto,no,nessuna,sedentario,Persiano
275,10.1,7.53,femmina,semilungo,bianco,attivo,medio,si,nessuna,attivo,Maine_Coon
276,3.6,5.99,maschio,lungo,crema,attivo,medio,si,ipertensione,attivo,Persiano
277,8.2,4.58,femmina,lungo,grigio,sedentario,medio,si,nessuna,sedentario,Persiano
278,2,4.33,maschio,corto,seal_point,attivo,alto,no,nessuna,attivo,Siamese
279,8.6,6.29,maschio,corto,spotted_silver,molto_attivo,medio,si,nessuna,molto_attivo,Bengala
280,5.3,5.56,maschio,arcobaleno,lilac_point,molto_attivo,medio,no,nessuna,molto_attivo,Siamese
281,10.7,4.5,femmina,corto,blue_point,sedentario,medio,si,nessuna,attivo,Siamese
282,0.5,1.92,femmina,corto,seal_point,attivo,alto,no,diabete,attivo,Siamese
283,6,4.32,maschio,corto,spotted_silver,molto_attivo,medio,si,nessuna,molto_attivo,Bengala
284,4.6,3.07,maschio,corto,spotted_brown,attivo,basso,no,artrite,attivo,Bengala
285,6.6,5.32,femmina,corto,snow_spotted,molto_attivo,medio,no,nessuna,molto_attivo,Bengala
286,7.6,5.19,femmina,lungo,arancio,molto_attivo,basso,si,nessuna,molto_attivo,Persiano
287,6.9,7.84,M,semilungo,tabby,attivo,medio,si,nessuna,attivo,Maine_Coon
288,4,5.54,femmina,lungo,crema,attivo,medio,si,artrite,attivo,Persiano
289,4.6,7.55,maschio,semilungo,nero,attivo,basso,no,nessuna,attivo,Maine_Coon
290,3.4,6.21,maschio,lungo,arancio,sedentario,basso,si,nessuna,sedentario,Persiano
291,5.9,4.55,maschio,lungo,arancio,molto_attivo,basso,no,asma_felino,molto_attivo,Persiano
292,5.8,4.77,femmina,corto,snow_spotted,sedentario,medio,si,nessuna,sedentario,Bengala
293,10.5,6.59,femmina,corto,grigio,attivo,alto,si,diabete,molto_attivo,British_Shorthair
294,4.2,5.71,maschio,corto,snow_spotted,attivo,alto,si,nessuna,attivo,Bengala
295,5.4,4.93,femmina,corto,crema,sedentario,basso,si,nessuna,sedentario,British_Shorthair
296,2.6,5.82,maschio,corto,snow_spotted,attivo,alto,si,nessuna,attivo,Bengala
297,7.1,4.09,femmina,corto,spotted_silver,molto_attivo,alto,si,nessuna,molto_attivo,Bengala
298,2.6,6.89,maschio,lungo,nero,molto_attivo,alto,si,nessuna,molto_attivo,Maine_Coon
299,3.9,7.71,maschio,semilungo,tabby,molto_attivo,medio,no,nessuna,molto_attivo,Maine_Coon
300,11.6,7.91,maschio,semilungo,nero,sedentario,basso,si,nessuna,sedentario,Maine_Coon
301,7.6,5.26,femmina,corto,crema,attivo,medio,no,nessuna,attivo,British_Shorthair
302,8.4,4.65,maschio,lungo,crema,attivo,basso,no,nessuna,attivo,Persiano
303,5.2,4.2,maschio,corto,seal_point,molto_attivo,alto,si,nessuna,molto_attivo,Siamese
304,4.5,4.15,femmina,corto,chocolate_point,attivo,medio,si,nessuna,attivo,Siamese
305,0.5,2.79,femmina,corto,spotted_silver,molto_attivo,medio,no,nessuna,molto_attivo,Bengala
306,6.3,3.72,femmina,corto,blue_point,attivo,basso,si,nessuna,attivo,Siamese
307,5.3,6.34,maschio,lungo,nero,sedentario,medio,no,nessuna,sedentario,Maine_Coon
308,8,5.22,femmina,corto,crema,molto_attivo,medio,si,nessuna,molto_attivo,British_Shorthair
309,1.3,3.1,femmina,lungo,grigio,attivo,medio,si,nessuna,attivo,Persiano
310,7.1,5.02,maschio,lungo,crema,sedentario,alto,si,nessuna,sedentario,Persiano
311,12.7,4.82,maschio,lungo,arancio,sedentario,basso,si,nessuna,sedentario,Persiano
312,5.7,8.56,femmina,lungo,tabby,molto_attivo,medio,si,nessuna,molto_attivo,Maine_Coon
313,8,5.34,femmina,corto,marbled_brown,attivo,basso,no,nessuna,attivo,Bengala
314,4.6,4.63,femmina,corto,seal_point,molto_attivo,medio,si,nessuna,molto_attivo,Siamese
315,4.6,3.56,M,corto,blue_point,sedentario,alto,si,nessuna,sedentario,Siamese
316,5.1,4.6,maschio,corto,spotted_brown,attivo,medio,si,nessuna,sedentario,Bengala
317,3.2,4.98,femmina,corto,spotted_brown,attivo,basso,si,nessuna,attivo,Bengala
318,8.4,3.81,maschio,corto,seal_point,attivo,medio,si,nessuna,attivo,Siamese
319,4.1,5.77,maschio,corto,snow_spotted,molto_attivo,medio,si,nessuna,molto_attivo,Bengala
320,8.8,5.69,maschio,corto,nero,attivo,medio,si,nessuna,attivo,British_Shorthair
321,6.8,9.82,maschio,semilungo,rosso,molto_attivo,medio,si,diabete,sedentario,Maine_Coon
322,5.6,7.06,femmina,corto,marbled_brown,molto_attivo,medio,no,nessuna,molto_attivo,Bengala
323,18.9,5.85,F,lungo,bianco,sedentario,basso,si,nessuna,sedentario,Persiano
324,1.1,5.54,maschio,corto,marbled_brown,molto_attivo,medio,no,malattia_renale,molto_attivo,Bengala
325,8.5,3.64,femmina,corto,chocolate_point,molto_attivo,alto,no,nessuna,molto_attivo,Siamese
326,5.2,4.31,femmina,lungo,nero,attivo,alto,no,nessuna,attivo,Persiano
327,8.3,6.43,femmina,corto,crema,sedentario,basso,si,obesita,sedentario,British_Shorthair
328,3.3,5.05,maschio,corto,spotted_silver,attivo,alto,si,nessuna,attivo,Bengala
329,4.7,5.57,maschio,corto,nero,attivo,basso,si,nessuna,attivo,British_Shorthair
330,5.8,5.72,maschio,corto,blu,sedentario,medio,si,nessuna,sedentario,British_Shorthair
331,0.5,2.38,maschio,corto,chocolate_point,sedentario,basso,no,nessuna,sedentario,Siamese
332,8.3,5.11,femmina,lungo,Nero,molto_attivo,medio,no,asma_felino,molto_attivo,Persiano
333,6.9,4.2,maschio,corto,seal_point,molto_attivo,alto,si,nessuna,molto_attivo,Siamese
334,8.5,4.5,femmina,corto,chocolate_point,attivo,alto,no,ipertensione,attivo,Siamese
335,3,3.49,maschio,corto,lilac_point,molto_attivo,alto,no,nessuna,molto_attivo,Siamese
336,4,4.08,femmina,corto,blue_point,sedentario,medio,si,nessuna,attivo,Siamese
337,7.6,4.92,femmina,lungo,bianco,attivo,medio,no,nessuna,attivo,Persiano
338,7.2,4.57,femmina,corto,chocolate_point,sedentario,medio,si,nessuna,sedentario,Siamese
339,6.8,8.28,maschio,semilungo,multicolore,attivo,alto,si,obesita,attivo,Maine_Coon
340,4.2,5.67,femmina,corto,spotted_silver,molto_attivo,alto,si,nessuna,molto_attivo,Bengala
341,3.2,6.29,femmina,corto,snow_spotted,molto_attivo,alto,si,nessuna,molto_attivo,Bengala
342,12.1,5.88,femmina,corto,bianco,attivo,basso,si,nessuna,attivo,British_Shorthair
343,3.5,5.03,maschio,corto,seal_point,attivo,alto,si,nessuna,attivo,Siamese
344,5.1,5.82,maschio,corto,crema,molto_attivo,basso,no,diabete,molto_attivo,British_Shorthair
345,10.8,5.36,femmina,lungo,crema,attivo,alto,si,nessuna,molto_attivo,Persiano
346,6.1,4.35,maschio,corto,lilac_point,molto_attivo,alto,no,nessuna,molto_attivo,Siamese
347,8.2,5.34,femmina,lungo,bianco,sedentario,medio,si,nessuna,sedentario,Persiano
348,5.4,7.58,femmina,semilungo,multicolore,attivo,medio,si,nessuna,attivo,Maine_Coon
349,6.5,3.72,femmina,corto,chocolate_point,attivo,medio,si,,sedentario,Siamese
350,7.3,5.08,femmina,lungo,crema,sedentario,medio,si,asma_felino,sedentario,Persiano
351,6.6,6.48,femmina,corto,spotted_brown,attivo,alto,si,nessuna,attivo,Bengala
352,7.7,5.87,femmina,corto,spotted_brown,attivo,alto,si,nessuna,attivo,Bengala
353,4.4,7.17,femmina,lungo,bianco,molto_attivo,basso,si,obesita,molto_attivo,Persiano
354,6.5,4.15,femmina,lungo,crema,sedentario,alto,no,nessuna,sedentario,Persiano
355,0.7,2.58,femmina,corto,marbled brown,molto_attivo,medio,si,nessuna,molto_attivo,Bengala
356,5.1,5.79,maschio,corto,spotted_brown,attivo,alto,si,malattia_renale,attivo,Bengala
357,11,7.8,maschio,corto,bianco,molto_attivo,medio,si,nessuna,molto_attivo,British_Shorthair
358,7.5,4.42,femmina,corto,spotted_brown,molto_attivo,medio,no,nessuna,molto_attivo,Bengala
359,5.2,4.3,maschio,lungo,grigio,sedentario,basso,si,artrite,sedentario,Persiano
360,6,4.92,maschio,corto,chocolate_point,molto_attivo,medio,no,nessuna,attivo,Siamese
361,6.8,8.83,maschio,lungo,rosso,sedentario,medio,si,nessuna,sedentario,Maine_Coon
362,7.9,3.65,maschio,corto,blue_point,molto_attivo,medio,si,nessuna,molto_attivo,Siamese
363,11.6,4.21,femmina,corto,blue_point,molto_attivo,alto,si,ipertensione,molto_attivo,Siamese
364,0.5,2.76,maschio,corto,snow_spotted,attivo,basso,si,nessuna,attivo,Bengala
365,5.9,5.51,femmina,lungo,bianco,molto_attivo,basso,si,diabete,molto_attivo,Persiano
366,6.2,4.38,femmina,corto,tabby,attivo,basso,no,nessuna,attivo,British_Shorthair
367,9,6.58,femmina,corto,spotted_silver,attivo,medio,si,nessuna,attivo,Bengala
368,4.3,5.44,femmina,corto,blu,sedentario,medio,no,nessuna,sedentario,British_Shorthair
369,11.3,4.65,femmina,corto,nero,sedentario,basso,no,ipertensione,molto_attivo,British_Shorthair
370,4.9,5.26,maschio,lungo,arancio,sedentario,medio,si,nessuna,sedentario,Persiano
371,0.5,4.13,maschio,lungo,rosso,attivo,medio,no,nessuna,attivo,Maine_Coon
372,8.1,5.9,maschio,corto,snow_spotted,attivo,medio,si,nessuna,attivo,Bengala
373,1.3,4.08,maschio,corto,seal_point,molto_attivo,medio,no,ipertiroidismo,molto_attivo,Siamese
374,5,5.35,femmina,corto,snow_spotted,attivo,alto,si,nessuna,attivo,Bengala
375,7.4,4.43,maschio,corto,marbled_brown,attivo,alto,no,nessuna,attivo,Bengala
376,6.6,4.64,maschio,corto,blue_point,molto_attivo,alto,si,nessuna,molto_attivo,Siamese
377,7.2,5.55,femmina,lungo,grigio,molto_attivo,basso,no,nessuna,molto_attivo,Persiano
378,1.5,3.14,maschio,corto,tabby,attivo,medio,si,nessuna,attivo,British_Shorthair
379,2.1,5.43,femmina,corto,snow_spotted,molto_attivo,alto,si,ipertensione,molto_attivo,Bengala
380,6.7,5.44,maschio,corto,spotted_brown,molto_attivo,alto,si,nessuna,molto_attivo,Bengala
381,6.8,9.16,maschio,semilungo,bianco,attivo,medio,no,artrite,sedentario,Maine_Coon
382,8.9,7.19,femmina,semilungo,multicolore,attivo,basso,no,nessuna,molto_attivo,Maine_Coon
383,4.3,5.25,maschio,lungo,bianco,sedentario,basso,si,nessuna,sedentario,Persiano
384,5.1,6.2,maschio,lungo,multicolore,attivo,medio,si,nessuna,attivo,Maine_Coon
385,7.6,4.17,maschio,corto,lilac_point,molto_attivo,alto,si,nessuna,molto_attivo,Siamese
386,4.9,8.32,trans,semilungo,rosso,molto attivo,alto,no,nessuna,molto_attivo,Maine_Coon
387,8.9,6.85,maschio,corto,nero,attivo,medio,si,nessuna,attivo,British_Shorthair
388,5.2,5.89,femmina,corto,snow_spotted,molto_attivo,basso,no,nessuna,sedentario,Bengala
389,0.5,2.42,femmina,corto,crema,attivo,basso,si,nessuna,attivo,British_Shorthair
390,7.6,5.27,maschio,lungo,grigio,sedentario,basso,no,nessuna,sedentario,Persiano
391,5.9,5.51,femmina,lungo,grigio,sedentario,medio,no,artrite,sedentario,Persiano
392,2.5,6.78,maschio,corto,grigio,sedentario,basso,no,nessuna,,British_Shorthair
393,3.5,5.08,femmina,corto,blue_point,sedentario,alto,si,asma_felino,sedentario,Siamese
394,11,3.64,maschio,lungo,crema,molto_attivo,basso,si,nessuna,attivo,Persiano
395,8.1,7.74,maschio,semilungo,tabby,sedentario,medio,forse,nessuna,sedentario,Maine_Coon
396,5.3,4.09,femmina,lungo,crema,attivo,basso,si,nessuna,attivo,Persiano
397,6.7,5.53,maschio,corto,grigio,sedentario,medio,si,nessuna,sedentario,British_Shorthair
398,2.5,6.27,maschio,corto,spotted_brown,molto_attivo,medio,no,nessuna,sedentario,Bengala
399,7.3,5.22,maschio,corto,spotted_brown,molto_attivo,alto,no,nessuna,molto_attivo,Bengala
400,5,6.45,femmina,corto,blu,sedentario,medio,si,nessuna,sedentario,British_Shorthair
401,8.1,7.01,femmina,lungo,multicolore,molto_attivo,medio,si,obesita,molto_attivo,Maine_Coon
402,4.2,4.84,femmina,lungo,grigio,sedentario,basso,si,ipertiroidismo,sedentario,Persiano
403,8.4,5.85,maschio,corto,bianco,attivo,medio,no,malattia_renale,attivo,British_Shorthair
404,7.5,5.56,maschio,lungo,arancio,molto_attivo,basso,si,nessuna,molto_attivo,Persiano
405,9,5.8,maschio,lungo,grigio,molto_attivo,medio,si,nessuna,molto_attivo,Persiano
406,7.5,4.69,maschio,lungo,grigio,molto_attivo,basso,si,asma_felino,molto_attivo,Persiano
407,10,9.92,femmina,lungo,nero,molto_attivo,alto,si,asma_felino,molto_attivo,Maine_Coon
408,3.1,8.66,femmina,lungo,tabby,molto_attivo,basso,si,nessuna,molto_attivo,Maine_Coon
409,0.5,1.86,maschio,corto,blue_point,molto_attivo,alto,si,ipertensione,molto_attivo,Siamese
410,8.6,6.21,femmina,corto,blu,sedentario,medio,si,artrite,sedentario,British_Shorthair
411,3.5,5.32,maschio,corto,chocolate_point,sedentario,alto,no,nessuna,sedentario,Siamese
412,3.9,4.13,femmina,corto,chocolate_point,molto_attivo,alto,si,nessuna,molto_attivo,Siamese
413,6.5,8.12,maschio,corto,nero,sedentario,medio,no,ipertiroidismo,sedentario,British_Shorthair
414,6.4,4.85,maschio,corto,spotted_silver,molto_attivo,alto,si,nessuna,molto_attivo,Bengala
415,7.6,4.13,maschio,corto,lilac_point,attivo,medio,si,ipertensione,attivo,Siamese
416,10.3,5.33,femmina,corto,bianco,molto_attivo,basso,no,nessuna,molto_attivo,British_Shorthair
417,9,5.62,femmina,lungo,arancio,sedentario,medio,si,nessuna,sedentario,Persiano
418,0.5,3.09,maschio,corto,bianco,attivo,medio,si,nessuna,attivo,British_Shorthair
419,10.7,5.15,femmina,corto,tabby,attivo,basso,si,nessuna,attivo,British_Shorthair
420,8,7.86,maschio,semilungo,rosso,attivo,medio,si,obesita,attivo,Maine_Coon
421,9,7,maschio,corto,crema,attivo,basso,si,nessuna,molto_attivo,British_Shorthair
422,0.5,2.37,maschio,lungo,grigio,sedentario,medio,si,nessuna,sedentario,Persiano
423,4.3,5.85,maschio,semilungo,multicolore,attivo,basso,si,nessuna,attivo,Maine_Coon
424,5.9,8.37,femmina,semilungo,tabby,sedentario,basso,si,obesita,sedentario,Maine_Coon
425,4.3,5.76,femmina,lungo,nero,sedentario,basso,si,ipertiroidismo,sedentario,Alien
426,3,6.73,femmina,corto,snow_spotted,attivo,alto,si,nessuna,attivo,Bengala
427,0.5,3.24,maschio,corto,snow_spotted,attivo,medio,si,obesita,attivo,Bengala
428,4.7,6.24,femmina,lungo,grigio,sedentario,basso,no,ipertiroidismo,attivo,Persiano
429,8.1,5.33,femmina,corto,bianco,attivo,medio,si,artrite,sedentario,British_Shorthair
430,4.7,5.77,femmina,lungo,bianco,molto_attivo,basso,si,nessuna,molto_attivo,Persiano
431,2.8,4.49,maschio,lungo,bianco,attivo,basso,si,asma_felino,attivo,Persiano
432,11.7,5.76,maschio,corto,crema,attivo,basso,si,malattia_renale,attivo,British_Shorthair
433,7.5,4.97,maschio,corto,crema,molto_attivo,basso,si,nessuna,molto_attivo,British_Shorthair
434,0.5,1.77,femmina,corto,lilac_point,molto_attivo,alto,si,nessuna,molto_attivo,Siamese
435,7.9,5.67,maschio,corto,grigio,attivo,basso,si,nessuna,attivo,British_Shorthair
436,8.2,5.64,femmina,corto,grigio,sedentario,basso,si,nessuna,sedentario,British_Shorthair
437,6.3,5.85,maschio,corto,blu,attivo,basso,si,artrite,attivo,British_Shorthair
438,8.3,7.1,femmina,semilungo,bianco,molto_attivo,medio,si,nessuna,molto_attivo,Maine_Coon
439,8,6.36,maschio,lungo,rosso,attivo,medio,si,nessuna,attivo,Maine_Coon
440,4.7,6.67,femmina,corto,snow_spotted,attivo,medio,no,nessuna,sedentario,Bengala
441,7.7,4.57,femmina,corto,lilac_point,attivo,alto,no,nessuna,attivo,Siamese
442,7.1,5.18,femmina,lungo,grigio,sedentario,basso,no,nessuna,sedentario,Persiano
443,10.2,5.94,femmina,corto,nero,sedentario,medio,si,ipertensione,sedentario,British_Shorthair
444,4.8,8.58,maschio,lungo,multicolore,attivo,basso,no,nessuna,attivo,Maine_Coon
445,5.3,3.05,maschio,corto,lilac_point,molto_attivo,alto,si,nessuna,molto_attivo,Siamese
446,4,3.46,femmina,corto,chocolate_point,attivo,medio,no,nessuna,attivo,Siamese
447,7.6,5.17,femmina,corto,blu,attivo,alto,si,nessuna,attivo,British_Shorthair
448,2.3,6.59,femmina,corto,spotted_brown,molto_attivo,medio,si,nessuna,molto_attivo,Bengala
449,2.2,4.9,femmina,corto,marbled_brown,attivo,alto,no,nessuna,attivo,Bengala
450,7.3,4.4,femmina,corto,crema,attivo,basso,si,nessuna,attivo,British_Shorthair
451,5.1,4.79,maschio,corto,snow_spotted,attivo,medio,si,nessuna,attivo,Bengala
452,5.3,5.68,femmina,corto,crema,attivo,basso,si,nessuna,molto_attivo,British_Shorthair
453,1,3.26,femmina,corto,seal_point,attivo,alto,no,ipertiroidismo,attivo,Siamese
454,2.3,6.65,femmina,corto,grigio,attivo,alto,no,nessuna,attivo,British_Shorthair
455,3.8,6.95,femmina,semilungo,multicolore,attivo,medio,si,nessuna,attivo,Maine_Coon
456,7.5,5.25,maschio,corto,bianco,attivo,basso,si,nessuna,attivo,British_Shorthair
457,2.8,7.26,femmina,semilungo,nero,molto_attivo,medio,si,asma_felino,molto_attivo,Maine_Coon
458,9.9,3.31,femmina,lungo,bianco,sedentario,medio,si,asma_felino,sedentario,Persiano
459,11.6,6.35,femmina,corto,bianco,attivo,medio,si,malattia_renale,attivo,British_Shorthair
460,1.8,4.79,maschio,corto,nero,sedentario,basso,si,nessuna,sedentario,British_Shorthair
461,9.3,6.01,maschio,corto,tabby,attivo,medio,no,nessuna,attivo,British_Shorthair
462,2.5,4.65,femmina,corto,lilac_point,molto_attivo,alto,no,nessuna,sedentario,Siamese
463,8.7,4.88,femmina,corto,bianco,sedentario,basso,si,asma_felino,sedentario,British_Shorthair
464,1.9,3.62,femmina,lungo,grigio,sedentario,basso,no,diabete,sedentario,Persiano
465,5.3,5.08,maschio,corto,spotted_brown,molto_attivo,alto,si,nessuna,molto_attivo,Bengala
466,6.6,2.93,femmina,corto,seal_point,molto_attivo,alto,no,nessuna,molto_attivo,Siamese
467,4.5,6.58,femmina,lungo,crema,sedentario,medio,si,nessuna,sedentario,Persiano
468,9.1,5.35,maschio,semilungo,rosso,molto_attivo,basso,si,nessuna,molto_attivo,Maine_Coon
469,8.3,6.31,femmina,corto,marbled_brown,molto_attivo,medio,no,nessuna,molto_attivo,Bengala
470,7.4,5.96,maschio,corto,spotted_brown,molto_attivo,alto,si,nessuna,sedentario,Bengala
471,1.6,4.33,femmina,corto,snow_spotted,molto_attivo,alto,si,,molto_attivo,Bengala
472,5.5,6.95,femmina,corto,spotted_brown,molto_attivo,alto,si,malattia_renale,molto_attivo,Bengala
473,7.2,5.36,maschio,lungo,grigio,sedentario,basso,si,nessuna,sedentario,Persiano
474,8.5,4.08,femmina,corto,lilac_point,attivo,basso,si,nessuna,attivo,Siamese
475,0.8,3.14,femmina,lungo,arcobaleno,sedentario,basso,si,nessuna,sedentario,Persiano
476,8.7,5.69,maschio,corto,grigio,attivo,alto,si,nessuna,attivo,British_Shorthair
477,3.1,5.21,maschio,lungo,bianco,molto_attivo,basso,si,nessuna,molto_attivo,Persiano
478,3,7.13,maschio,semilungo,rosso,sedentario,basso,si,diabete,sedentario,Maine_Coon
479,8,4.6,femmina,corto,lilac_point,molto_attivo,medio,si,nessuna,molto_attivo,Siamese
480,11.3,4.07,femmina,corto,grigio,attivo,basso,si,ipertiroidismo,attivo,British_Shorthair
481,7.5,5.62,maschio,semilungo,multicolore,sedentario,medio,si,ipertensione,sedentario,Maine_Coon
482,4.3,6.22,femmina,corto,nero,attivo,basso,no,nessuna,attivo,British_Shorthair
483,6.2,5.8,femmina,lungo,bianco,sedentario,medio,no,nessuna,sedentario,Persiano
484,4.3,8.04,maschio,semilungo,multicolore,molto_attivo,alto,no,diabete,molto_attivo,Maine_Coon
485,4.4,8.14,femmina,lungo,rosso,molto_attivo,medio,si,obesita,molto_attivo,Maine_Coon
486,8.7,4.15,maschio,corto,seal_point,molto_attivo,medio,si,nessuna,molto_attivo,Siamese
487,2.7,7.12,maschio,semilungo,rosso,sedentario,medio,no,nessuna,sedentario,Maine_Coon
488,6,6.08,femmina,corto,marbled_brown,molto_attivo,medio,si,nessuna,molto_attivo,Bengala
489,2.5,5.51,maschio,corto,spotted_silver,molto_attivo,medio,no,nessuna,molto_attivo,Bengala
490,6.5,8.46,femmina,lungo,rosso,molto_attivo,alto,si,obesita,molto_attivo,Maine_Coon
491,2.6,6.42,femmina,corto,marbled_brown,attivo,basso,si,nessuna,attivo,Bengala
492,9.1,5.3,maschio,corto,blue_point,attivo,medio,si,nessuna,attivo,Siamese
493,0.5,2.8,maschio,corto,chocolate_point,molto_attivo,medio,si,nessuna,molto_attivo,Siamese
494,4.7,7.62,maschio,corto,spotted_brown,attivo,alto,no,nessuna,attivo,Bengala
495,11.6,5.73,femmina,corto,tabby,molto_attivo,medio,si,nessuna,attivo,British_Shorthair
496,0.5,2.81,maschio,corto,tabby,sedentario,basso,si,nessuna,sedentario,British_Shorthair
497,3.4,7.48,maschio,lungo,bianco,attivo,medio,si,asma_felino,attivo,Maine_Coon
498,2.7,7.03,maschio,corto,marbled_brown,attivo,medio,no,nessuna,attivo,Bengala
499,3.5,7.24,femmina,semilungo,bianco,attivo,basso,si,nessuna,attivo,Maine_Coon
500,6.8,6.13,femmina,lungo,nero,sedentario,basso,no,nessuna,sedentario,Persiano
501,5.3,5.48,maschio,corto,nero,attivo,basso,no,nessuna,attivo,British_Shorthair
502,3.5,3.92,maschio,corto,lilac_point,molto_attivo,alto,si,nessuna,molto_attivo,Siamese
503,4.1,6.7,maschio,corto,crema,sedentario,medio,si,malattia_renale,sedentario,British_Shorthair
504,3.3,5.72,maschio,lungo,crema,sedentario,basso,no,nessuna,sedentario,Persiano
505,7.9,3.73,maschio,corto,blue_point,attivo,alto,no,obesita,attivo,Siamese
506,5.7,7.04,femmina,lungo,rosso,attivo,alto,si,obesita,attivo,Maine_Coon
507,3.7,5.06,maschio,corto,marbled_brown,molto_attivo,alto,no,malattia_renale,molto_attivo,Bengala
508,6,4.83,maschio,lungo,grigio,attivo,medio,si,artrite,attivo,Persiano
509,4.8,4.69,femmina,corto,spotted_silver,attivo,alto,no,nessuna,attivo,Bengala
510,3.8,4.58,femmina,lungo,arancio,sedentario,basso,si,ipertensione,sedentario,Persiano
511,10.2,3.99,maschio,lungo,bianco,attivo,basso,si,nessuna,attivo,Persiano
512,7.4,5.38,femmina,corto,nero,sedentario,medio,si,nessuna,sedentario,British_Shorthair
513,4.5,7,maschio,semilungo,multicolore,molto_attivo,basso,si,nessuna,molto_attivo,Maine_Coon
514,2.8,4.05,maschio,lungo,crema,sedentario,basso,si,nessuna,sedentario,Persiano
515,3.1,5.89,maschio,lungo,multicolore,attivo,basso,si,ipertiroidismo,attivo,Maine_Coon
516,9,4.8,femmina,corto,blue_point,sedentario,medio,no,nessuna,sedentario,Siamese
517,1.2,6.16,maschio,semilungo,nero,attivo,medio,si,nessuna,attivo,Maine_Coon
518,6,4.82,maschio,corto,blue_point,attivo,alto,si,nessuna,attivo,Siamese
519,1.8,5.94,maschio,lungo,rosso,attivo,medio,si,nessuna,attivo,Maine_Coon
520,4.5,4.34,maschio,lungo,nero,attivo,medio,si,nessuna,attivo,Persiano
521,3.1,5.45,femmina,lungo,nero,sedentario,basso,si,diabete,sedentario,Persiano
522,7.5,9.43,maschio,semilungo,multicolore,attivo,basso,si,nessuna,attivo,Maine_Coon
523,7,5.63,femmina,corto,spotted_brown,molto_attivo,medio,no,nessuna,molto_attivo,Bengala
524,2.2,4.43,maschio,corto,seal_point,molto_attivo,medio,si,nessuna,molto_attivo,Siamese
525,6.3,6.63,femmina,corto,marbled_brown,molto_attivo,alto,si,nessuna,molto_attivo,Bengala
526,2.7,7.38,maschio,lungo,rosso,attivo,medio,si,obesita,attivo,Maine_Coon
527,3,4.16,femmina,corto,spotted_silver,molto_attivo,medio,si,nessuna,attivo,Bengala
528,7.4,5.75,maschio,lungo,bianco,attivo,basso,si,nessuna,attivo,Persiano
529,5.9,7.01,femmina,corto,snow_spotted,attivo,alto,si,nessuna,attivo,Bengala
530,7.3,3.42,femmina,corto,lilac_point,molto_attivo,medio,si,nessuna,molto_attivo,Siamese
531,3,4.85,femmina,corto,marbled_brown,attivo,medio,no,nessuna,attivo,Bengala
532,5.7,3.43,maschio,corto,lilac_point,attivo,medio,si,nessuna,attivo,Siamese
533,6.2,4.24,femmina,corto,chocolate_point,molto_attivo,basso,si,nessuna,molto_attivo,Siamese
534,1.6,2.81,femmina,corto,seal_point,attivo,alto,si,nessuna,attivo,Siamese
535,1,5.15,maschio,lungo,nero,attivo,basso,si,malattia_renale,sedentario,Persiano
536,11.5,5.28,femmina,corto,bianco,sedentario,medio,si,nessuna,sedentario,British_Shorthair
537,6.6,5.51,maschio,corto,crema,sedentario,basso,no,nessuna,sedentario,British_Shorthair
538,3,7.25,maschio,lungo,multicolore,attivo,basso,si,nessuna,attivo,Maine_Coon
539,2.1,4.45,maschio,corto,blue_point,sedentario,medio,si,nessuna,sedentario,Siamese
540,1.2,4.65,maschio,corto,spotted_silver,molto_attivo,medio,no,nessuna,molto_attivo,Bengala
541,11,6.26,femmina,corto,nero,sedentario,alto,no,ipertensione,sedentario,British_Shorthair
542,0.9,4.18,femmina,lungo,nero,attivo,alto,si,nessuna,attivo,Maine_Coon
543,10.9,5.06,femmina,corto,grigio,molto_attivo,medio,si,nessuna,molto_attivo,British_Shorthair
544,3.4,7.23,maschio,corto,spotted_brown,sedentario,medio,no,nessuna,sedentario,Bengala
545,3.4,4.2,maschio,corto,blue_point,sedentario,alto,no,nessuna,sedentario,Siamese
546,6.4,4.06,femmina,lungo,bianco,sedentario,medio,si,nessuna,sedentario,Persiano
547,4,5.61,femmina,corto,snow_spotted,attivo,medio,si,nessuna,attivo,Bengala
548,6.6,4.05,maschio,corto,lilac_point,molto_attivo,alto,no,ipertensione,molto_attivo,Siamese
549,12,5.56,femmina,corto,blu,sedentario,medio,si,nessuna,sedentario,British_Shorthair
550,5.9,5.04,femmina,corto,lilac_point,attivo,medio,no,nessuna,attivo,Siamese
551,3.6,9.14,maschio,lungo,multicolore,attivo,alto,no,obesita,attivo,Maine_Coon
552,3,5.96,femmina,corto,snow_spotted,attivo,basso,si,artrite,attivo,Bengala
553,2.6,7.2,maschio,semilungo,rosso,sedentario,medio,no,nessuna,sedentario,Maine_Coon
554,2.4,4.39,femmina,corto,seal_point,molto_attivo,alto,si,nessuna,molto_attivo,Siamese
555,6.5,5.15,maschio,corto,blue_point,attivo,alto,si,obesita,attivo,Siamese
556,7.1,8.37,femmina,semilungo,rosso,attivo,medio,no,nessuna,attivo,Maine_Coon
557,5.8,3.32,maschio,corto,blue_point,molto_attivo,alto,si,nessuna,molto_attivo,Siamese
558,2.5,3.52,femmina,corto,seal_point,sedentario,alto,si,nessuna,sedentario,Siamese
559,2.5,4.81,maschio,corto,grigio,attivo,medio,no,nessuna,attivo,British_Shorthair
560,7.1,6.78,maschio,corto,nero,attivo,basso,no,nessuna,attivo,British_Shorthair
561,0.5,2.89,maschio,corto,tabby,attivo,basso,no,nessuna,attivo,British_Shorthair
562,5.5,5.3,maschio,lungo,crema,attivo,medio,si,nessuna,molto_attivo,Persiano
563,8,9.59,maschio,semilungo,multicolore,molto_attivo,basso,si,nessuna,molto_attivo,Maine_Coon
564,2.8,5.43,femmina,corto,spotted_brown,attivo,medio,no,ipertiroidismo,attivo,Bengala
565,5.8,4.44,femmina,lungo,bianco,attivo,basso,no,nessuna,attivo,Persiano
566,3.4,6.11,femmina,corto,spotted_brown,molto_attivo,alto,no,artrite,sedentario,Bengala
567,8.6,4.96,femmina,corto,lilac_point,attivo,alto,no,nessuna,sedentario,Siamese
568,7.3,5.85,femmina,corto,snow_spotted,attivo,medio,si,nessuna,attivo,Bengala
569,5.1,5.8,femmina,corto,marbled_brown,molto_attivo,medio,no,nessuna,molto_attivo,Bengala
570,8,5.97,maschio,corto,spotted_brown,molto_attivo,basso,si,nessuna,molto_attivo,Bengala
571,12.1,5.08,maschio,corto,crema,attivo,basso,no,ipertiroidismo,attivo,British_Shorthair
572,4,8.67,femmina,lungo,nero,attivo,basso,si,nessuna,attivo,Maine_Coon
573,1.7,5.12,maschio,corto,snow_spotted,attivo,medio,si,nessuna,attivo,Bengala
574,6.7,6.27,femmina,corto,blu,attivo,basso,no,nessuna,attivo,British_Shorthair
575,9.1,6.76,maschio,corto,tabby,attivo,medio,si,asma_felino,attivo,British_Shorthair
576,4.2,3.6,femmina,corto,seal_point,attivo,medio,si,nessuna,attivo,Siamese
577,2.1,6.62,femmina,corto,spotted_silver,attivo,medio,no,nessuna,attivo,Bengala
578,6.4,5.41,maschio,corto,grigio,attivo,medio,no,nessuna,attivo,British_Shorthair
579,10.6,5.8,maschio,lungo,bianco,sedentario,basso,no,nessuna,sedentario,Persiano
580,1.7,4.56,maschio,lungo,bianco,sedentario,medio,no,ipertensione,sedentario,Persiano
581,7,7.06,maschio,lungo,bianco,sedentario,basso,no,nessuna,sedentario,Maine_Coon
582,6.7,7.46,femmina,semilungo,nero,attivo,basso,no,obesita,sedentario,Maine_Coon
583,3,6.22,femmina,corto,snow_spotted,attivo,medio,si,nessuna,attivo,Bengala
584,8.4,5.18,maschio,corto,grigio,molto_attivo,alto,no,nessuna,molto_attivo,British_Shorthair
585,2.7,5.6,femmina,corto,blu,sedentario,medio,si,nessuna,sedentario,British_Shorthair
586,3,6.45,femmina,corto,spotted_silver,molto_attivo,medio,no,ipertensione,molto_attivo,Bengala
587,7.1,6.51,femmina,semilungo,bianco,attivo,medio,no,artrite,attivo,Maine_Coon
588,8.1,4.23,maschio,lungo,grigio,sedentario,medio,si,nessuna,sedentario,Persiano
589,3.9,4.39,femmina,lungo,nero,attivo,medio,si,nessuna,molto_attivo,Persiano
590,3.7,6.89,femmina,corto,snow_spotted,molto_attivo,basso,si,nessuna,molto_attivo,Bengala
591,5.8,8.38,maschio,semilungo,rosso,molto_attivo,medio,no,nessuna,molto_attivo,Maine_Coon
592,5.3,5.78,maschio,corto,spotted_brown,molto_attivo,medio,no,nessuna,molto_attivo,Bengala
593,5.8,5.48,femmina,corto,bianco,molto_attivo,basso,si,ipertensione,molto_attivo,British_Shorthair
594,5.7,4.69,femmina,lungo,crema,sedentario,basso,si,ipertensione,sedentario,Persiano
595,5.1,5.01,maschio,corto,marbled_brown,molto_attivo,alto,no,nessuna,molto_attivo,Bengala
596,5.9,4.4,femmina,corto,chocolate_point,molto_attivo,alto,no,nessuna,molto_attivo,Siamese
597,5.3,6.4,maschio,corto,marbled_brown,attivo,medio,no,nessuna,attivo,Bengala
598,6.8,5.36,femmina,corto,bianco,attivo,basso,si,nessuna,attivo,British_Shorthair
599,7.5,6.49,maschio,lungo,nero,attivo,alto,si,nessuna,attivo,Persiano
600,7.6,4.4,femmina,corto,chocolate_point,attivo,medio,si,nessuna,attivo,Siamese
601,11.9,4.61,maschio,lungo,bianco,sedentario,basso,no,nessuna,sedentario,Persiano
602,9.1,4.65,maschio,lungo,grigio,attivo,basso,si,nessuna,attivo,Persiano
603,10.4,5.35,maschio,lungo,tabby,molto_attivo,basso,no,nessuna,molto_attivo,Maine_Coon
604,6.5,5.37,femmina,corto,snow_spotted,attivo,basso,no,nessuna,attivo,Bengala
605,7.6,3.49,femmina,corto,chocolate_point,attivo,medio,no,nessuna,attivo,Siamese
606,1.3,4.5,maschio,lungo,bianco,molto_attivo,alto,si,nessuna,molto_attivo,Maine_Coon
607,12.7,6.66,maschio,corto,crema,sedentario,medio,si,ipertensione,sedentario,British_Shorthair
608,5.6,5.18,femmina,lungo,nero,sedentario,basso,si,artrite,sedentario,Persiano
609,1.8,4.31,maschio,lungo,nero,sedentario,basso,si,ipertiroidismo,sedentario,Persiano
610,7.2,5.43,femmina,corto,blu,sedentario,alto,no,nessuna,sedentario,British_Shorthair
611,5.3,7.09,maschio,semilungo,tabby,molto_attivo,medio,si,nessuna,attivo,Maine_Coon
612,10.7,5.24,femmina,corto,crema,attivo,basso,si,nessuna,attivo,British_Shorthair
613,4.4,5.67,femmina,corto,spotted_brown,molto_attivo,alto,si,nessuna,molto_attivo,Bengala
614,4.6,5.27,maschio,lungo,bianco,attivo,alto,no,nessuna,attivo,Persiano
615,3,6.58,femmina,corto,tabby,sedentario,medio,no,artrite,sedentario,British_Shorthair
616,5.4,6.06,femmina,corto,blu,molto_attivo,medio,si,nessuna,molto_attivo,British_Shorthair
617,8.5,4.09,femmina,lungo,arancio,sedentario,alto,no,nessuna,sedentario,Persiano
618,11.5,5.26,femmina,corto,spotted_brown,attivo,alto,no,ipertiroidismo,sedentario,Bengala
619,5.3,4.09,femmina,corto,lilac_point,sedentario,medio,si,ipertiroidismo,sedentario,Siamese
620,4.8,3.67,maschio,corto,chocolate_point,attivo,medio,si,nessuna,attivo,Siamese
621,5.7,3.78,femmina,corto,seal_point,attivo,alto,no,nessuna,attivo,Siamese
622,5.1,5.86,maschio,corto,spotted_brown,molto_attivo,alto,no,nessuna,molto_attivo,Bengala
623,7.5,4.95,femmina,lungo,crema,sedentario,medio,no,nessuna,sedentario,Persiano
624,8,8.54,maschio,lungo,nero,attivo,alto,no,nessuna,attivo,Maine_Coon
625,7.1,4.53,maschio,corto,blue_point,attivo,medio,no,nessuna,attivo,Siamese
626,6.8,7.12,maschio,semilungo,bianco,sedentario,alto,si,nessuna,molto_attivo,Maine_Coon
627,5.8,6.61,femmina,semilungo,tabby,molto_attivo,medio,no,nessuna,molto_attivo,Maine_Coon
628,1.8,3.17,femmina,corto,lilac_point,attivo,alto,si,nessuna,molto_attivo,Siamese
629,4,5.86,femmina,corto,spotted_silver,sedentario,medio,no,nessuna,sedentario,Bengala
630,3.9,6.07,maschio,lungo,bianco,sedentario,basso,si,nessuna,sedentario,Persiano
631,3.8,8.71,femmina,lungo,bianco,molto_attivo,medio,si,nessuna,molto_attivo,Maine_Coon
632,4.7,5.59,maschio,lungo,nero,sedentario,basso,si,nessuna,sedentario,Persiano
633,4.7,6.22,femmina,corto,snow_spotted,molto_attivo,alto,si,nessuna,molto_attivo,Bengala
634,7.5,10.33,femmina,semilungo,multicolore,attivo,basso,si,nessuna,attivo,Maine_Coon
635,10,5.23,femmina,corto,lilac_point,molto_attivo,medio,si,nessuna,sedentario,Siamese
636,2.4,6.1,maschio,corto,tabby,attivo,basso,si,nessuna,attivo,British_Shorthair
637,5.6,7.4,femmina,semilungo,multicolore,attivo,medio,si,nessuna,attivo,Maine_Coon
638,3.6,4,femmina,corto,blue_point,attivo,alto,no,ipertiroidismo,attivo,Siamese
639,5.1,5.48,maschio,corto,spotted_brown,molto_attivo,basso,no,nessuna,molto_attivo,Bengala
640,6.4,4.66,maschio,corto,grigio,sedentario,medio,no,nessuna,sedentario,British_Shorthair
641,7.2,5.43,femmina,corto,blu,molto_attivo,basso,no,diabete,molto_attivo,British_Shorthair
642,5.1,5.2,femmina,corto,grigio,attivo,basso,si,diabete,attivo,British_Shorthair
643,7.9,4.8,maschio,corto,snow_spotted,molto_attivo,alto,no,nessuna,molto_attivo,Bengala
644,7.6,4.28,maschio,corto,marbled_brown,attivo,alto,si,nessuna,attivo,Bengala
645,6.4,3.81,femmina,corto,seal_point,attivo,alto,si,nessuna,attivo,Siamese
646,8.3,7.02,femmina,lungo,tabby,molto_attivo,medio,si,nessuna,molto_attivo,Maine_Coon
647,5.4,3.8,femmina,corto,blue_point,attivo,alto,si,nessuna,sedentario,Siamese
648,3.9,8.99,femmina,semilungo,bianco,attivo,alto,no,nessuna,attivo,Maine_Coon
649,3.9,5.86,femmina,corto,marbled_brown,attivo,alto,no,ipertiroidismo,attivo,Bengala
650,9.3,4.52,maschio,corto,blu,attivo,basso,si,nessuna,attivo,British_Shorthair
651,2.5,8.1,femmina,lungo,tabby,attivo,medio,si,diabete,molto_attivo,Maine_Coon
652,5.9,3.99,maschio,corto,bianco,sedentario,medio,si,nessuna,sedentario,British_Shorthair
653,4.4,7.12,femmina,lungo,multicolore,sedentario,basso,no,nessuna,sedentario,Maine_Coon
654,0.5,2.9,maschio,corto,nero,sedentario,medio,no,nessuna,sedentario,British_Shorthair
655,10.1,6.37,maschio,corto,bianco,attivo,medio,si,obesita,attivo,British_Shorthair
656,8.8,5.54,maschio,lungo,bianco,sedentario,alto,no,nessuna,sedentario,Persiano
657,8.1,4.46,femmina,corto,blue_point,attivo,alto,no,nessuna,attivo,Siamese
658,8,3.82,maschio,lungo,bianco,attivo,medio,no,nessuna,attivo,Persiano
659,4.4,4.79,femmina,corto,spotted_brown,molto_attivo,medio,si,nessuna,molto_attivo,Bengala
660,3.4,7.19,maschio,lungo,bianco,sedentario,medio,si,nessuna,sedentario,Maine_Coon
661,3.8,4.94,femmina,semilungo,rosso,molto_attivo,medio,si,nessuna,molto_attivo,Maine_Coon
662,5.1,9.16,femmina,lungo,tabby,molto_attivo,basso,no,nessuna,molto_attivo,Maine_Coon
663,5,5.51,maschio,corto,nero,attivo,basso,si,nessuna,sedentario,British_Shorthair
664,1.4,3.26,maschio,corto,chocolate_point,molto_attivo,medio,si,nessuna,molto_attivo,Siamese
665,4.4,4.57,maschio,corto,blue_point,attivo,medio,si,nessuna,attivo,Siamese
666,8.2,6.07,femmina,corto,crema,attivo,basso,si,obesita,attivo,British_Shorthair
667,0.6,1.69,maschio,corto,blue_point,sedentario,medio,no,nessuna,sedentario,Siamese
668,3.3,3.75,maschio,corto,chocolate_point,molto_attivo,alto,si,nessuna,molto_attivo,Siamese
669,6.7,5.21,femmina,corto,tabby,attivo,basso,no,nessuna,attivo,British_Shorthair
670,6,8.71,femmina,lungo,multicolore,attivo,medio,no,nessuna,attivo,Maine_Coon
671,2.5,7.62,maschio,semilungo,multicolore,sedentario,medio,no,nessuna,sedentario,Maine_Coon
672,6.1,4.46,femmina,corto,lilac_point,molto_attivo,alto,si,nessuna,molto_attivo,Siamese
673,3.3,6.5,maschio,corto,spotted_brown,molto_attivo,alto,no,nessuna,molto_attivo,Bengala
674,6.6,7.45,maschio,lungo,multicolore,attivo,basso,si,obesita,attivo,Maine_Coon
675,8.4,4.55,maschio,lungo,bianco,sedentario,basso,no,nessuna,sedentario,Persiano
676,1.6,7.37,femmina,semilungo,nero,sedentario,medio,si,nessuna,sedentario,Maine_Coon
677,1.7,4.23,maschio,corto,marbled_brown,attivo,alto,no,nessuna,attivo,Bengala
678,10.5,3.69,maschio,corto,lilac_point,attivo,medio,si,nessuna,sedentario,Siamese
679,1.1,3.68,femmina,lungo,arancio,attivo,medio,si,nessuna,attivo,Persiano
680,3.8,3.88,femmina,corto,chocolate_point,molto_attivo,medio,no,nessuna,molto_attivo,Siamese
681,14,7.55,maschio,semilungo,tabby,attivo,basso,no,obesita,molto_attivo,Maine_Coon
682,8.5,4.47,femmina,corto,chocolate_point,molto_attivo,alto,no,nessuna,molto_attivo,Siamese
683,3.7,5.04,femmina,corto,bianco,sedentario,basso,si,nessuna,sedentario,British_Shorthair
684,8.8,6.35,femmina,corto,tabby,attivo,basso,si,nessuna,attivo,British_Shorthair
685,5.3,4.37,maschio,corto,blue_point,molto_attivo,alto,si,nessuna,attivo,Siamese
686,8.1,3.51,femmina,lungo,crema,sedentario,basso,si,nessuna,sedentario,Persiano
687,5.6,5.54,maschio,corto,marbled_brown,molto_attivo,alto,no,nessuna,molto_attivo,Bengala
688,2.8,5.47,,lungo,arancio,attivo,basso,si,artrite,attivo,Persiano
689,7.8,5.46,femmina,corto,nero,molto_attivo,basso,si,ipertensione,molto_attivo,British_Shorthair
690,5,5.33,femmina,lungo,bianco,sedentario,medio,si,asma_felino,attivo,Persiano
691,4,4.78,maschio,lungo,arancio,sedentario,alto,si,nessuna,sedentario,Persiano
692,10.3,7.74,maschio,semilungo,multicolore,attivo,medio,no,nessuna,attivo,Maine_Coon
693,4.4,5.36,maschio,corto,blu,sedentario,basso,si,nessuna,sedentario,British_Shorthair
694,6,6.02,femmina,corto,tabby,sedentario,basso,no,nessuna,sedentario,British_Shorthair
695,10.9,6.67,maschio,corto,grigio,attivo,medio,no,ipertensione,attivo,British_Shorthair
696,3.2,8.36,maschio,corto,blu,sedentario,basso,si,obesita,sedentario,British_Shorthair
697,6,4.22,maschio,corto,blue_point,molto_attivo,medio,no,nessuna,molto_attivo,Siamese
698,3.2,4.61,maschio,corto,seal_point,sedentario,medio,si,nessuna,sedentario,Siamese
699,2,3.65,femmina,lungo,grigio,attivo,medio,si,nessuna,attivo,Persiano
700,2.7,7.69,maschio,semilungo,rosso,sedentario,medio,si,nessuna,sedentario,Maine_Coon
701,9.6,6.32,femmina,lungo,nero,attivo,alto,no,nessuna,attivo,Maine_Coon
702,5.4,8.65,femmina,lungo,rosso,attivo,alto,no,malattia_renale,attivo,Maine_Coon
703,3.6,5.44,maschio,corto,snow_spotted,molto_attivo,medio,si,nessuna,molto_attivo,Bengala
704,6.1,4.82,maschio,corto,marbled_brown,molto_attivo,basso,no,nessuna,molto_attivo,Bengala
705,4.1,6.42,maschio,corto,tabby,attivo,basso,no,nessuna,molto_attivo,British_Shorthair
706,6.5,3.86,femmina,corto,chocolate_point,attivo,alto,si,nessuna,molto_attivo,Siamese
707,9.2,7.49,maschio,corto,crema,sedentario,medio,si,nessuna,sedentario,British_Shorthair
708,4.7,6.14,femmina,corto,grigio,attivo,basso,si,nessuna,attivo,British_Shorthair
709,5.5,8.46,maschio,lungo,rosso,attivo,medio,no,obesita,attivo,Maine_Coon
710,6.6,4.38,femmina,lungo,grigio,sedentario,medio,si,nessuna,sedentario,Persiano
711,7.2,5.91,maschio,lungo,nero,attivo,medio,si,nessuna,attivo,Persiano
712,8.5,4.15,femmina,lungo,arancio,sedentario,basso,no,asma_felino,sedentario,Persiano
713,4.2,8.17,femmina,lungo,rosso,attivo,alto,si,nessuna,attivo,Maine_Coon
714,7.3,5.21,maschio,semilungo,rosso,attivo,medio,si,nessuna,attivo,Maine_Coon
715,0.5,4.03,maschio,semilungo,multicolore,sedentario,basso,si,nessuna,sedentario,Maine_Coon
716,5,4.36,maschio,lungo,crema,sedentario,medio,no,nessuna,sedentario,Persiano
717,0.5,3.03,maschio,corto,snow_spotted,molto_attivo,alto,si,nessuna,molto_attivo,Bengala
718,4.6,5.15,femmina,corto,crema,sedentario,basso,si,nessuna,sedentario,British_Shorthair
719,12.3,3.43,maschio,lungo,arancio,sedentario,medio,no,artrite,sedentario,Persiano
720,7.7,7.1,maschio,semilungo,multicolore,attivo,medio,si,nessuna,molto_attivo,Maine_Coon
721,0.5,4.06,maschio,semilungo,multicolore,attivo,alto,no,nessuna,attivo,Maine_Coon
722,4.8,6.16,femmina,corto,grigio,sedentario,medio,si,nessuna,sedentario,British_Shorthair
723,0.7,4.32,femmina,semilungo,bianco,molto_attivo,medio,no,nessuna,sedentario,Maine_Coon
724,6.6,5.57,maschio,lungo,arancio,sedentario,medio,si,obesita,sedentario,Persiano
725,3.7,6.98,femmina,lungo,tabby,attivo,basso,no,nessuna,attivo,Maine_Coon
726,6.2,4.61,maschio,lungo,crema,sedentario,medio,si,nessuna,sedentario,Persiano
727,5.2,5.14,maschio,corto,nero,attivo,basso,si,nessuna,attivo,British_Shorthair
728,3.5,5.76,maschio,corto,spotted_brown,attivo,alto,si,obesita,attivo,Bengala
729,6.9,4.71,maschio,corto,crema,sedentario,medio,si,malattia_renale,sedentario,British_Shorthair
730,7.2,6.86,maschio,corto,nero,attivo,basso,si,nessuna,sedentario,British_Shorthair
731,7.4,3.07,femmina,corto,chocolate_point,attivo,alto,si,nessuna,attivo,Siamese
732,3.3,6.17,maschio,corto,grigio,attivo,medio,no,nessuna,attivo,British_Shorthair
733,5.1,5.86,femmina,corto,marbled_brown,molto_attivo,alto,no,nessuna,sedentario,Bengala
734,6.6,8.62,femmina,semilungo,rosso,attivo,medio,si,diabete,attivo,Maine_Coon
735,7.4,4.77,femmina,corto,grigio,sedentario,medio,si,nessuna,sedentario,British_Shorthair
736,4.2,3.8,maschio,corto,seal_point,molto_attivo,basso,si,nessuna,molto_attivo,Siamese
737,1.3,3.58,maschio,corto,chocolate_point,molto_attivo,alto,si,nessuna,molto_attivo,Siamese
738,2.9,3.85,maschio,lungo,nero,sedentario,medio,si,diabete,sedentario,Persiano
739,7.6,4.07,maschio,corto,crema,attivo,medio,si,nessuna,attivo,British_Shorthair
740,7,4.82,femmina,corto,blue_point,molto_attivo,basso,si,nessuna,molto_attivo,Siamese
741,8.1,6.22,femmina,corto,crema,sedentario,medio,si,nessuna,sedentario,British_Shorthair
742,9.3,5.6,femmina,lungo,bianco,sedentario,basso,si,nessuna,sedentario,Persiano
743,3.8,5.51,maschio,corto,marbled_brown,molto_attivo,medio,si,nessuna,molto_attivo,Bengala
744,10.2,5.03,maschio,corto,crema,sedentario,basso,si,nessuna,sedentario,British_Shorthair
745,9.4,6.37,femmina,corto,nero,attivo,medio,no,nessuna,attivo,British_Shorthair
746,3.7,9.76,maschio,lungo,tabby,molto_attivo,medio,si,nessuna,molto_attivo,Maine_Coon
747,1.2,4.82,maschio,corto,spotted_silver,molto_attivo,basso,si,nessuna,molto_attivo,Bengala
748,8.2,4.85,femmina,corto,spotted_silver,molto_attivo,medio,no,obesita,molto_attivo,Bengala
749,9.1,6.13,maschio,semilungo,nero,sedentario,alto,si,artrite,sedentario,Maine_Coon
750,0.5,2.89,femmina,corto,lilac_point,attivo,alto,si,nessuna,attivo,Siamese
751,9.5,6.22,femmina,semilungo,bianco,sedentario,alto,si,asma_felino,sedentario,Maine_Coon
752,0.5,2.44,femmina,corto,chocolate_point,attivo,alto,si,nessuna,attivo,Siamese
753,8.5,6.97,maschio,corto,blu,molto_attivo,basso,no,nessuna,molto_attivo,British_Shorthair
754,9.1,6.46,femmina,corto,spotted_silver,molto_attivo,alto,no,nessuna,molto_attivo,Bengala
755,7,4.96,maschio,corto,seal_point,molto_attivo,alto,si,nessuna,molto_attivo,Siamese
756,6,5.01,femmina,corto,marbled_brown,molto_attivo,medio,si,nessuna,molto_attivo,Bengala
757,1.1,2.84,maschio,corto,lilac_point,attivo,alto,si,nessuna,attivo,Siamese
758,4.7,6.83,femmina,corto,marbled_brown,attivo,alto,si,nessuna,molto_attivo,Bengala
759,4.8,4.35,femmina,corto,crema,attivo,medio,si,nessuna,attivo,British_Shorthair
760,2.1,5.06,femmina,lungo,grigio,molto_attivo,basso,si,nessuna,molto_attivo,Persiano
761,3.5,5.28,maschio,corto,grigio,attivo,medio,si,nessuna,attivo,British_Shorthair
762,2.8,5.59,maschio,lungo,nero,attivo,medio,no,diabete,attivo,Persiano
763,5.4,3.57,femmina,corto,seal_point,molto_attivo,medio,si,malattia_renale,molto_attivo,Alien
764,3.4,4.08,femmina,corto,lilac_point,molto_attivo,alto,si,nessuna,molto_attivo,Siamese
765,2,5.48,femmina,corto,nero,attivo,alto,no,nessuna,attivo,British_Shorthair
766,4.2,7.13,femmina,corto,crema,sedentario,basso,no,diabete,sedentario,British_Shorthair
767,7.3,6.1,femmina,corto,crema,sedentario,basso,si,nessuna,attivo,British_Shorthair
768,6.9,9.08,femmina,semilungo,rosso,attivo,alto,no,nessuna,attivo,Maine_Coon
769,2.9,3.82,maschio,lungo,bianco,attivo,medio,si,nessuna,attivo,Persiano
770,6.6,4.01,femmina,corto,blue_point,attivo,medio,si,nessuna,attivo,Siamese
771,7.4,3.1,femmina,lungo,arancio,molto_attivo,alto,si,nessuna,molto_attivo,Persiano
772,3.2,7.26,maschio,lungo,nero,attivo,medio,si,malattia_renale,attivo,Maine_Coon
773,5.2,8.21,maschio,semilungo,bianco,attivo,alto,no,nessuna,attivo,Maine_Coon
774,9.2,5.73,femmina,lungo,crema,sedentario,medio,si,nessuna,sedentario,Persiano
775,7.7,5.44,maschio,corto,crema,sedentario,basso,no,nessuna,sedentario,British_Shorthair
776,10.2,5.1,maschio,corto,bianco,attivo,basso,si,nessuna,attivo,British_Shorthair
777,0.5,3.81,femmina,semilungo,multicolore,attivo,basso,si,nessuna,attivo,Maine_Coon
778,5.6,5.71,maschio,,marbled_brown,molto_attivo,medio,no,nessuna,molto_attivo,Bengala
779,2.1,5.17,femmina,corto,blue_point,molto_attivo,medio,si,nessuna,molto_attivo,Siamese
780,4.2,6.47,maschio,semilungo,tabby,attivo,medio,si,nessuna,attivo,Maine_Coon
781,4.9,4.63,maschio,corto,blue_point,attivo,alto,si,nessuna,attivo,Siamese
782,3.5,6.52,maschio,corto,crema,sedentario,medio,si,nessuna,sedentario,British_Shorthair
783,3.7,5.31,femmina,corto,marbled_brown,molto_attivo,alto,no,nessuna,molto_attivo,Bengala
784,2.7,3.24,maschio,lungo,grigio,sedentario,alto,no,obesita,sedentario,Persiano
785,4.3,5.73,maschio,corto,marbled_brown,attivo,medio,si,nessuna,molto_attivo,Bengala
786,7.8,5.29,maschio,corto,blu,attivo,basso,si,nessuna,attivo,British_Shorthair
787,0.5,3.9,femmina,lungo,bianco,molto_attivo,medio,no,nessuna,molto_attivo,Maine_Coon
788,11.4,5.27,maschio,lungo,arancio,attivo,basso,si,nessuna,attivo,Persiano
789,7.1,5.74,maschio,corto,grigio,attivo,alto,si,nessuna,sedentario,British_Shorthair
790,5.1,6.3,maschio,corto,blu,sedentario,basso,no,nessuna,sedentario,British_Shorthair
791,5,4.33,femmina,corto,snow_spotted,molto_attivo,medio,no,nessuna,molto_attivo,Bengala
792,3.2,6.27,femmina,corto,nero,attivo,basso,no,nessuna,attivo,British_Shorthair
793,5.5,7.25,maschio,lungo,tabby,attivo,medio,si,nessuna,attivo,Maine_Coon
794,4.8,6.96,femmina,semilungo,tabby,attivo,alto,si,asma_felino,attivo,Maine_Coon
795,0.5,2.04,maschio,lungo,grigio,sedentario,basso,no,nessuna,sedentario,Persiano
796,5.5,4.31,femmina,corto,chocolate_point,molto_attivo,alto,si,nessuna,molto_attivo,Siamese
797,7.2,3.78,femmina,lungo,nero,attivo,alto,no,nessuna,attivo,Persiano
798,5.3,4.57,maschio,lungo,crema,sedentario,medio,no,nessuna,sedentario,Persiano
799,10.9,5.24,femmina,corto,crema,sedentario,basso,si,nessuna,attivo,British_Shorthair
800,8.2,5.61,femmina,lungo,rosso,molto_attivo,basso,si,nessuna,molto_attivo,Maine_Coon
801,6.3,6.14,femmina,corto,spotted_brown,molto_attivo,medio,no,malattia_renale,molto_attivo,Bengala
802,5.9,6.14,maschio,semilungo,tabby,molto_attivo,alto,si,nessuna,molto_attivo,Maine_Coon
803,10.2,6.79,femmina,lungo,crema,sedentario,basso,si,asma_felino,sedentario,Persiano
804,3.1,5.71,femmina,corto,snow_spotted,attivo,alto,si,nessuna,sedentario,Bengala
805,8.2,5.27,maschio,corto,grigio,attivo,basso,no,asma_felino,attivo,British_Shorthair
806,4.7,4.65,femmina,corto,grigio,molto_attivo,basso,si,nessuna,molto_attivo,British_Shorthair
807,2.3,5.63,femmina,corto,spotted_brown,molto_attivo,medio,no,nessuna,molto_attivo,Bengala
808,6.1,4.21,maschio,corto,seal_point,sedentario,alto,si,artrite,sedentario,Siamese
809,8.3,5.09,,corto,tabby,molto_attivo,medio,no,nessuna,molto_attivo,British_Shorthair
810,5.1,4.92,maschio,corto,spotted_silver,attivo,alto,no,nessuna,attivo,Bengala
811,4.5,4.24,femmina,corto,seal_point,attivo,medio,no,nessuna,attivo,Siamese
812,0.5,4.23,femmina,semilungo,rosso,attivo,alto,no,malattia_renale,attivo,Maine_Coon
813,5.8,8.01,maschio,lungo,rosso,attivo,basso,no,nessuna,attivo,Maine_Coon
814,2.3,4.73,maschio,corto,snow_spotted,molto_attivo,medio,no,malattia_renale,molto_attivo,Bengala
815,4.8,2.49,maschio,corto,seal_point,sedentario,alto,no,nessuna,molto_attivo,Siamese
816,3.6,11.04,maschio,semilungo,tabby,molto_attivo,medio,si,nessuna,molto_attivo,Maine_Coon
817,4.9,5.1,maschio,corto,blue_point,molto_attivo,medio,no,malattia_renale,sedentario,Siamese
818,52,4.59,femmina,corto,snow_spotted,molto_attivo,basso,si,nessuna,molto_attivo,Bengala
819,5.7,4.76,maschio,corto,seal_point,molto_attivo,alto,no,nessuna,sedentario,Siamese
820,1.5,3.55,femmina,corto,seal_point,molto_attivo,alto,no,nessuna,molto_attivo,Siamese
821,2.5,9.52,femmina,lungo,rosso,attivo,basso,si,nessuna,attivo,Maine_Coon
822,5.6,6.47,femmina,corto,snow_spotted,molto_attivo,alto,si,nessuna,sedentario,Bengala
823,0.5,3.15,maschio,corto,tabby,attivo,basso,si,nessuna,attivo,British_Shorthair
824,9.5,5.05,maschio,lungo,bianco,molto_attivo,basso,si,nessuna,molto_attivo,Persiano
825,6.5,4.07,maschio,corto,blue_point,molto_attivo,alto,si,nessuna,molto_attivo,Siamese
826,2.8,4.49,maschio,corto,chocolate_point,molto_attivo,medio,si,nessuna,molto_attivo,Siamese
827,5.3,5.84,femmina,corto,spotted_silver,molto_attivo,alto,no,nessuna,molto_attivo,Bengala
828,4.9,5.5,femmina,semilungo,nero,attivo,basso,si,nessuna,attivo,Maine_Coon
829,6.1,6.78,femmina,corto,marbled_brown,molto_attivo,alto,no,nessuna,molto_attivo,Bengala
830,2.3,7.81,femmina,semilungo,rosso,attivo,basso,no,obesita,attivo,Maine_Coon
831,5.8,4.56,maschio,lungo,crema,attivo,medio,no,nessuna,attivo,Persiano
832,4.3,4.69,maschio,corto,bianco,sedentario,basso,si,nessuna,sedentario,British_Shorthair
833,0.9,1.96,maschio,corto,seal_point,molto_attivo,medio,si,nessuna,molto_attivo,Siamese
834,2,3.92,maschio,corto,spotted_brown,attivo,alto,si,nessuna,sedentario,Bengala
835,4.1,5.7,femmina,corto,blue_point,sedentario,alto,no,nessuna,sedentario,Siamese
836,4.6,5.64,maschio,corto,tabby,attivo,basso,si,asma_felino,attivo,British_Shorthair
837,4.6,3.72,maschio,corto,lilac_point,molto_attivo,alto,si,nessuna,molto_attivo,Siamese
838,0.5,3.05,maschio,corto,snow_spotted,molto_attivo,alto,si,nessuna,molto_attivo,Bengala
839,2.1,3.68,femmina,corto,spotted_brown,attivo,medio,si,nessuna,attivo,Bengala
840,3.6,4.72,maschio,corto,lilac_point,attivo,alto,no,diabete,attivo,Siamese
841,6.3,4.65,femmina,corto,blue_point,attivo,basso,si,nessuna,attivo,Siamese
842,12.3,5.17,maschio,corto,nero,sedentario,alto,si,asma_felino,sedentario,British_Shorthair
843,9.2,7.07,maschio,corto,blu,sedentario,medio,si,artrite,sedentario,British_Shorthair
844,1.7,4.81,maschio,corto,spotted_brown,molto_attivo,basso,si,nessuna,molto_attivo,Bengala
845,4.2,3.83,femmina,lungo,bianco,sedentario,basso,si,nessuna,attivo,Persiano
846,2.9,5.47,maschio,lungo,crema,attivo,basso,si,nessuna,attivo,Persiano
847,2.8,4.95,maschio,corto,spotted_brown,attivo,medio,si,malattia_renale,attivo,Bengala
848,2.8,3.99,maschio,corto,seal_point,molto_attivo,alto,no,malattia_renale,molto_attivo,Siamese
849,7,3.17,femmina,corto,lilac_point,molto_attivo,basso,si,nessuna,molto_attivo,Siamese
850,7,4.82,femmina,corto,blu,sedentario,basso,si,nessuna,sedentario,British_Shorthair
851,5.1,5.57,femmina,lungo,arancio,molto_attivo,basso,si,nessuna,molto_attivo,Persiano
852,2.5,5.5,femmina,corto,spotted_silver,molto_attivo,medio,no,nessuna,molto_attivo,Bengala
853,4.1,5.68,maschio,lungo,bianco,attivo,alto,si,artrite,attivo,Persiano
854,6.4,6.96,maschio,semilungo,multicolore,attivo,basso,si,ipertensione,attivo,Maine_Coon
855,9.3,9.48,maschio,lungo,bianco,sedentario,medio,si,asma_felino,sedentario,Maine_Coon
856,7.6,9.48,maschio,semilungo,nero,sedentario,medio,si,nessuna,sedentario,Maine_Coon
857,2.1,3.64,maschio,lungo,crema,attivo,medio,si,ipertensione,attivo,Persiano
858,5.2,6.44,femmina,lungo,nero,attivo,medio,no,nessuna,attivo,Maine_Coon
859,4.9,4.33,maschio,corto,seal_point,attivo,alto,no,nessuna,attivo,Siamese
860,0.8,2.6,maschio,corto,crema,attivo,medio,no,nessuna,sedentario,British_Shorthair
861,0.5,2.11,maschio,corto,chocolate_point,molto_attivo,medio,no,ipertiroidismo,attivo,Siamese
862,1,3.24,maschio,lungo,grigio,sedentario,basso,si,artrite,sedentario,Persiano
863,3.7,5.21,maschio,corto,blu,attivo,basso,si,nessuna,attivo,British_Shorthair
864,6.5,7.07,maschio,corto,crema,attivo,basso,si,nessuna,attivo,British_Shorthair
865,8.6,4.2,maschio,corto,seal_point,molto_attivo,alto,no,nessuna,molto_attivo,Siamese
866,8.1,4.49,maschio,corto,seal_point,molto_attivo,alto,si,nessuna,molto_attivo,Siamese
867,9.4,4.96,maschio,lungo,crema,sedentario,alto,no,nessuna,sedentario,Persiano
868,3.9,5.39,femmina,corto,chocolate_point,sedentario,medio,no,nessuna,sedentario,Siamese
869,6.9,5.38,femmina,corto,crema,attivo,basso,no,ipertensione,attivo,British_Shorthair
870,7.5,5.17,maschio,corto,lilac_point,molto_attivo,medio,no,nessuna,sedentario,Siamese
871,8.7,6.77,femmina,corto,spotted_brown,molto_attivo,alto,si,nessuna,molto_attivo,Bengala
872,0.5,2.01,maschio,corto,chocolate_point,attivo,basso,si,nessuna,attivo,Siamese
873,4.8,5.62,maschio,lungo,grigio,molto_attivo,basso,si,nessuna,molto_attivo,Persiano
874,10.4,4,maschio,corto,blue_point,attivo,alto,no,artrite,attivo,Siamese
875,6.3,4,maschio,lungo,nero,sedentario,alto,si,nessuna,sedentario,Persiano
876,4.2,6.25,femmina,corto,marbled_brown,molto_attivo,alto,no,nessuna,molto_attivo,Bengala
877,0.5,1.75,maschio,corto,chocolate_point,molto_attivo,medio,si,nessuna,molto_attivo,Siamese
878,10.4,6.72,femmina,corto,blu,sedentario,medio,si,asma_felino,sedentario,British_Shorthair
879,7.2,7.21,maschio,semilungo,multicolore,sedentario,medio,no,nessuna,attivo,Maine_Coon
880,3.1,4.78,maschio,lungo,crema,attivo,basso,si,nessuna,attivo,Persiano
881,6.1,5.58,femmina,,grigio,sedentario,basso,si,obesita,sedentario,British_Shorthair
882,5.2,4.38,femmina,corto,blue_point,molto_attivo,alto,si,ipertiroidismo,molto_attivo,Siamese
883,5.7,5.6,maschio,lungo,grigio,sedentario,medio,si,nessuna,sedentario,Persiano
884,8.3,5.79,maschio,lungo,bianco,sedentario,medio,si,nessuna,sedentario,Persiano
885,6.3,5.69,femmina,corto,bianco,sedentario,medio,si,obesita,sedentario,British_Shorthair
886,5.8,5.78,maschio,corto,bianco,attivo,basso,si,nessuna,attivo,British_Shorthair
887,3.4,6.42,maschio,semilungo,tabby,molto_attivo,medio,no,nessuna,molto_attivo,Maine_Coon
888,8.3,5.25,maschio,lungo,nero,sedentario,basso,si,nessuna,attivo,Persiano
889,2.4,4.42,maschio,corto,snow_spotted,molto_attivo,medio,si,nessuna,molto_attivo,Bengala
890,6.4,3.32,maschio,corto,chocolate_point,molto_attivo,alto,si,nessuna,molto_attivo,Siamese
891,6.2,5.32,femmina,corto,spotted_brown,molto_attivo,alto,no,obesita,molto_attivo,Bengala
892,6.4,6.37,femmina,corto,bianco,attivo,basso,si,nessuna,attivo,British_Shorthair
893,2.7,4.51,maschio,corto,chocolate_point,molto_attivo,alto,si,nessuna,molto_attivo,Siamese
894,3.6,4.67,maschio,lungo,bianco,sedentario,basso,si,ipertensione,sedentario,Persiano
895,1.2,4.46,femmina,corto,crema,molto_attivo,alto,no,nessuna,molto_attivo,British_Shorthair
896,2.7,3.89,maschio,corto,seal_point,molto_attivo,alto,si,nessuna,molto_attivo,Siamese
897,6.4,7.38,maschio,lungo,multicolore,attivo,medio,si,nessuna,attivo,Maine_Coon
898,5.3,5.23,maschio,corto,spotted_silver,molto_attivo,basso,no,nessuna,molto_attivo,Bengala
899,9.3,6.16,femmina,lungo,grigio,sedentario,basso,si,ipertiroidismo,sedentario,Persiano
900,1.4,3.33,maschio,lungo,grigio,sedentario,basso,no,ipertensione,sedentario,Persiano
901,4.7,6.93,femmina,corto,blu,attivo,medio,no,obesita,attivo,British_Shorthair
902,0.5,2.23,maschio,corto,snow_spotted,molto_attivo,medio,si,nessuna,molto_attivo,Bengala
903,2.8,3.45,femmina,corto,lilac_point,attivo,basso,si,nessuna,attivo,Siamese
904,0.5,2.44,maschio,corto,snow_spotted,molto_attivo,medio,si,nessuna,molto_attivo,Bengala
905,1.2,2.67,maschio,corto,chocolate_point,molto_attivo,medio,si,ipertensione,molto_attivo,Siamese
906,3.1,4.42,maschio,corto,blue_point,sedentario,medio,no,nessuna,sedentario,Siamese
907,3.2,4.83,femmina,lungo,arancio,attivo,basso,no,nessuna,attivo,Persiano
908,4,5.82,femmina,corto,marbled_brown,molto_attivo,alto,si,nessuna,molto_attivo,Bengala
909,0.5,1.96,femmina,corto,spotted_silver,attivo,alto,no,nessuna,attivo,Bengala
910,11.5,7.86,maschio,semilungo,tabby,molto_attivo,alto,si,ipertiroidismo,molto_attivo,Maine_Coon
911,5.5,7.91,femmina,lungo,bianco,molto_attivo,alto,si,nessuna,molto_attivo,Maine_Coon
912,1.2,4.36,femmina,semilungo,rosso,molto_attivo,basso,si,nessuna,molto_attivo,Maine_Coon
913,7.1,4.98,maschio,semilungo,nero,molto_attivo,medio,si,nessuna,molto_attivo,Maine_Coon
914,5.2,5.81,femmina,corto,grigio,attivo,basso,si,nessuna,attivo,British_Shorthair
915,5.7,3.94,femmina,corto,seal_point,attivo,medio,no,nessuna,attivo,Siamese
916,3.1,7.76,femmina,semilungo,tabby,molto_attivo,basso,si,obesita,sedentario,Maine_Coon
917,5.3,6.18,maschio,lungo,nero,attivo,alto,si,nessuna,attivo,Persiano
918,4.6,5.53,maschio,corto,crema,sedentario,medio,si,nessuna,sedentario,British_Shorthair
919,2.9,3.65,femmina,corto,chocolate_point,molto_attivo,alto,si,nessuna,molto_attivo,Siamese
920,6.5,7.12,maschio,semilungo,multicolore,attivo,medio,no,malattia_renale,attivo,Maine_Coon
921,4.5,6.42,femmina,corto,marbled_brown,attivo,medio,si,asma_felino,attivo,Bengala
922,9.5,5.54,femmina,lungo,grigio,sedentario,basso,si,diabete,sedentario,Persiano
923,2,6.86,femmina,lungo,tabby,sedentario,alto,si,ipertensione,sedentario,Maine_Coon
924,6,3.7,maschio,corto,lilac_point,attivo,medio,no,malattia_renale,attivo,Siamese
925,5.5,5.95,maschio,lungo,multicolore,molto_attivo,basso,si,ipertensione,attivo,Maine_Coon
926,7.5,5.83,maschio,lungo,grigio,attivo,medio,no,asma_felino,attivo,Persiano
927,8.6,6.92,femmina,lungo,bianco,sedentario,basso,si,artrite,sedentario,Persiano
928,6.4,5.17,maschio,corto,tabby,attivo,basso,si,nessuna,attivo,British_Shorthair
929,2.5,5.37,femmina,corto,spotted_silver,attivo,alto,si,nessuna,attivo,Bengala
930,6.7,5.02,femmina,corto,snow_spotted,attivo,alto,no,nessuna,attivo,Bengala
931,6.4,3.92,maschio,lungo,arancio,sedentario,basso,si,ipertensione,sedentario,Persiano
932,10.5,5.37,femmina,lungo,arancio,attivo,basso,si,nessuna,attivo,Persiano
933,0.5,5.13,femmina,semilungo,bianco,molto_attivo,alto,no,asma_felino,molto_attivo,Maine_Coon
934,6.9,5.25,maschio,lungo,arancio,sedentario,basso,no,nessuna,sedentario,Persiano
935,2.9,8.79,maschio,lungo,bianco,molto_attivo,medio,si,nessuna,molto_attivo,Maine_Coon
936,5.3,4.27,femmina,lungo,crema,sedentario,basso,si,ipertensione,sedentario,Persiano
937,6.9,4.47,maschio,lungo,arancio,sedentario,basso,si,ipertensione,sedentario,Persiano
938,6.9,8.27,maschio,lungo,bianco,attivo,medio,no,nessuna,attivo,Maine_Coon
939,2.8,8.27,femmina,lungo,tabby,attivo,basso,no,obesita,attivo,Maine_Coon
940,6.3,4.96,femmina,lungo,bianco,sedentario,medio,si,nessuna,sedentario,Maine_Coon
941,5.1,4.53,maschio,lungo,arancio,sedentario,medio,no,nessuna,sedentario,Persiano
942,5.6,4.99,maschio,corto,grigio,sedentario,medio,no,nessuna,sedentario,British_Shorthair
943,2.4,4.8,maschio,corto,nero,molto_attivo,basso,si,nessuna,molto_attivo,British_Shorthair
944,8.9,4.62,femmina,corto,lilac_point,attivo,alto,no,ipertiroidismo,attivo,Siamese
945,2.2,6.55,maschio,lungo,rosso,molto_attivo,medio,si,ipertensione,molto_attivo,Maine_Coon
946,1,3.81,maschio,corto,lilac_point,attivo,alto,si,nessuna,attivo,Siamese
947,4.6,17.51,femmina,semilungo,bianco,molto_attivo,alto,no,nessuna,molto_attivo,Maine_Coon
948,5.7,6.56,femmina,corto,snow_spotted,attivo,alto,si,nessuna,molto_attivo,Bengala
949,2.4,7.83,femmina,semilungo,bianco,attivo,basso,no,nessuna,attivo,Maine_Coon
950,5.6,6.49,femmina,corto,snow_spotted,molto_attivo,basso,si,nessuna,molto_attivo,Bengala
951,